molecule_index,smiles,task_idx,task_name,fraction_masked,num_heavy_atoms_masked,baseline_score,top_shap_score,top_shap_drop,random_drop_mean,random_drop_std,random_drop_median,random_drop_q025,random_drop_q975,empirical_p_random_ge_top,top_shap_atoms,positive_only_ranking,score_type
0,CCCCC(CC)COCCC#N,0,Ames,0.05,1,-2.564781665802002,-2.705521583557129,0.1407399177551269,-0.1241760015487671,0.1439419406943201,-0.095744252204895,-0.3100809395313263,0.1407398641109466,0.0588235294117647,8,True,logit_or_raw
0,CCCCC(CC)COCCC#N,0,Ames,0.1,2,-2.564781665802002,-2.7153239250183105,0.1505422592163086,-0.2438424086570739,0.2102068266811246,-0.3143461942672729,-0.5661782115697861,0.0920824289321898,0.0196078431372549,"8,11",True,logit_or_raw
0,CCCCC(CC)COCCC#N,0,Ames,0.2,3,-2.564781665802002,-2.7213551998138428,0.1565735340118408,-0.3214194178581238,0.2464238922258517,-0.2806485891342163,-0.7528926759958268,0.0900556683540343,0.0392156862745098,"8,11,4",True,logit_or_raw
0,CCCCC(CC)COCCC#N,0,Ames,0.3,4,-2.564781665802002,-2.483268976211548,-0.0815126895904541,-0.421569287776947,0.2923237894978306,-0.3800511360168457,-0.9495702266693116,0.0210149586200712,0.1568627450980392,"8,11,4,6",True,logit_or_raw
0,CCCCC(CC)COCCC#N,1,LD50_Zhu,0.05,1,-1.5946917533874512,-1.6823488473892212,0.08765709400177,-0.2672562098503113,0.1812361573940525,-0.260046899318695,-0.8109272629022598,0.0876573055982589,0.0784313725490196,11,True,logit_or_raw
0,CCCCC(CC)COCCC#N,1,LD50_Zhu,0.1,2,-1.5946917533874512,-0.7358419299125671,-0.858849823474884,-0.429236763715744,0.2165943557113432,-0.4614698886871338,-0.7433934599161148,-0.0044028669595718,0.9803921568627452,"11,8",True,logit_or_raw
0,CCCCC(CC)COCCC#N,1,LD50_Zhu,0.2,3,-1.5946917533874512,-1.0946953296661377,-0.4999964237213135,-0.544131053686142,0.2407245905713479,-0.5533553957939148,-1.0385569036006927,-0.179324409365654,0.4705882352941176,"11,8,4",True,logit_or_raw
0,CCCCC(CC)COCCC#N,1,LD50_Zhu,0.3,4,-1.5946917533874512,-1.1769232749938965,-0.4177684783935547,-0.6383225911855698,0.2585293044419985,-0.6546898484230042,-1.1132579691708089,-0.2101870566606521,0.2549019607843137,"11,8,4,0",True,logit_or_raw
0,CCCCC(CC)COCCC#N,2,hERG_Karim,0.05,1,-1.026147484779358,-0.6223398447036743,-0.4038076400756836,-0.0379225492477417,0.2293807356284369,0.050916850566864,-0.4038079246878624,0.1949018239974975,0.9019607843137256,8,True,logit_or_raw
0,CCCCC(CC)COCCC#N,2,hERG_Karim,0.1,2,-1.026147484779358,-0.6733056306838989,-0.352841854095459,0.0222312694787979,0.27169027752654,0.0744971632957458,-0.56423454657197,0.3316891193389892,0.9019607843137256,"8,11",True,logit_or_raw
0,CCCCC(CC)COCCC#N,2,hERG_Karim,0.2,3,-1.026147484779358,-1.0269737243652344,0.0008262395858764,-0.0615785890817642,0.275620256231515,-0.0355548560619354,-0.6754089444875717,0.3880687594413756,0.4705882352941176,"8,11,5",True,logit_or_raw
0,CCCCC(CC)COCCC#N,2,hERG_Karim,0.3,4,-1.026147484779358,-1.215373992919922,0.1892265081405639,-0.1455199608206749,0.3773991997886861,-0.1092383861541748,-0.90566466152668,0.4247060149908065,0.2549019607843137,"8,11,5,1",True,logit_or_raw
0,CCCCC(CC)COCCC#N,3,NR-AhR,0.05,1,-5.399367332458496,-5.387399673461914,-0.011967658996582,-0.0638914394378662,0.0406538920115235,-0.0746603012084961,-0.1035628318786621,0.0060504794120788,0.1764705882352941,8,True,logit_or_raw
0,CCCCC(CC)COCCC#N,3,NR-AhR,0.1,2,-5.399367332458496,-5.38533878326416,-0.0140285491943359,-0.0720478725433349,0.0687787917121523,-0.0558691024780273,-0.2159353852272033,0.0286579132080078,0.1764705882352941,"8,11",True,logit_or_raw
0,CCCCC(CC)COCCC#N,3,NR-AhR,0.2,3,-5.399367332458496,-5.3967061042785645,-0.0026612281799316,-0.1423299121856689,0.0941820454233381,-0.1200940608978271,-0.3382082939147949,-0.0185664415359497,0.0196078431372549,"8,11,4",True,logit_or_raw
0,CCCCC(CC)COCCC#N,3,NR-AhR,0.3,4,-5.399367332458496,-5.336216926574707,-0.063150405883789,-0.2132733821868896,0.1593092964200443,-0.1742045879364013,-0.5788410305976868,-0.0088651657104492,0.1176470588235294,"8,11,4,6",True,logit_or_raw
0,CCCCC(CC)COCCC#N,4,NR-Aromatase,0.05,1,-5.148921966552734,-5.24571704864502,0.0967950820922851,-0.0488272762298584,0.0751759183745425,-0.0420942306518554,-0.1537778615951538,0.0967946052551269,0.0392156862745098,8,True,logit_or_raw
0,CCCCC(CC)COCCC#N,4,NR-Aromatase,0.1,2,-5.148921966552734,-5.259122848510742,0.1102008819580078,-0.0894757175445556,0.1455585765964923,-0.0913193225860595,-0.3658021569252014,0.1293220520019531,0.1176470588235294,"8,11",True,logit_or_raw
0,CCCCC(CC)COCCC#N,4,NR-Aromatase,0.2,3,-5.148921966552734,-5.2847819328308105,0.1358599662780761,-0.1588949203491211,0.2001639437990009,-0.1002717018127441,-0.5970823526382446,0.0866016149520873,0.0392156862745098,"8,11,4",True,logit_or_raw
0,CCCCC(CC)COCCC#N,4,NR-Aromatase,0.3,4,-5.148921966552734,-5.1721601486206055,0.023238182067871,-0.2782830810546875,0.2550563330566658,-0.1773340702056884,-0.8261397361755372,0.0245139360427856,0.0588235294117647,"8,11,4,0",True,logit_or_raw
0,CCCCC(CC)COCCC#N,5,NR-ER,0.05,1,-3.4642367362976074,-3.51804518699646,0.0538084506988525,0.0499263477325439,0.0237584086615951,0.0538082122802734,-0.0127739608287811,0.0737583100795745,0.4509803921568627,1,True,logit_or_raw
0,CCCCC(CC)COCCC#N,5,NR-ER,0.1,2,-3.4642367362976074,-3.550511360168457,0.0862746238708496,0.0458315134048461,0.0574902667119148,0.0755603313446044,-0.1233304560184478,0.101090407371521,0.2745098039215686,"1,2",True,logit_or_raw
0,CCCCC(CC)COCCC#N,5,NR-ER,0.2,3,-3.4642367362976074,-3.574129343032837,0.1098926067352294,0.055898904800415,0.0597212095424896,0.066399335861206,-0.1042271375656127,0.114919090270996,0.1764705882352941,"1,2,3",True,logit_or_raw
0,CCCCC(CC)COCCC#N,5,NR-ER,0.3,4,-3.4642367362976074,-3.5870492458343506,0.1228125095367431,0.0459120750427246,0.0617360177218803,0.055230975151062,-0.0700688600540161,0.1323116540908813,0.1176470588235294,"1,2,3,5",True,logit_or_raw
0,CCCCC(CC)COCCC#N,6,NR-ER-LBD,0.05,1,-5.016159057617188,-5.053999423980713,0.0378403663635253,0.0110515975952148,0.027334669283561,-0.0041637420654296,-0.0406899452209472,0.0532393455505371,0.2352941176470588,8,True,logit_or_raw
0,CCCCC(CC)COCCC#N,6,NR-ER-LBD,0.1,2,-5.016159057617188,-5.065449237823486,0.0492901802062988,0.0033407497406005,0.0373120627166138,0.0050761699676513,-0.0543693423271179,0.0595769882202148,0.196078431372549,"8,11",True,logit_or_raw
0,CCCCC(CC)COCCC#N,6,NR-ER-LBD,0.2,3,-5.016159057617188,-5.078253746032715,0.0620946884155273,-0.0102574825286865,0.0354147345157381,-0.006840705871582,-0.0717759132385253,0.0506666541099548,0.0392156862745098,"8,11,5",True,logit_or_raw
0,CCCCC(CC)COCCC#N,6,NR-ER-LBD,0.3,4,-5.016159057617188,-5.077630519866943,0.0614714622497558,-0.0254742717742919,0.0454024023661032,-0.0266354084014892,-0.1031252145767211,0.0466339111328125,0.0196078431372549,"8,11,5,1",True,logit_or_raw
0,CCCCC(CC)COCCC#N,7,SR-ARE,0.05,1,-5.096436500549316,-5.058382511138916,-0.0380539894104003,-0.0248348331451416,0.0165690506869225,-0.0319788455963134,-0.0409116744995117,0.0091208338737487,0.7254901960784313,8,True,logit_or_raw
0,CCCCC(CC)COCCC#N,7,SR-ARE,0.1,2,-5.096436500549316,-5.06239128112793,-0.0340452194213867,-0.0393585681915283,0.020565318382392,-0.0435860157012939,-0.0707488894462585,0.0036255598068237,0.4117647058823529,"8,11",True,logit_or_raw
0,CCCCC(CC)COCCC#N,7,SR-ARE,0.2,3,-5.096436500549316,-5.085140705108643,-0.0112957954406738,-0.0482397174835205,0.0252585678748147,-0.0426344871520996,-0.0983272075653076,-0.0114744782447814,0.0392156862745098,"8,11,4",True,logit_or_raw
0,CCCCC(CC)COCCC#N,7,SR-ARE,0.3,4,-5.096436500549316,-5.072628974914551,-0.0238075256347656,-0.0677135753631591,0.0322461989940438,-0.0595200061798095,-0.12413991689682,-0.0208887100219726,0.1176470588235294,"8,11,4,6",True,logit_or_raw
0,CCCCC(CC)COCCC#N,8,SR-HSE,0.05,1,-5.005098342895508,-5.1044020652771,0.0993037223815918,0.0014530372619628,0.0451686893673784,-0.0145463943481445,-0.0428018569946289,0.0993037223815918,0.1372549019607843,8,True,logit_or_raw
0,CCCCC(CC)COCCC#N,8,SR-HSE,0.1,2,-5.005098342895508,-5.112724304199219,0.1076259613037109,-0.0120986175537109,0.0460811719765526,-0.025728702545166,-0.0776429653167724,0.0758902072906494,0.0196078431372549,"8,11",True,logit_or_raw
0,CCCCC(CC)COCCC#N,8,SR-HSE,0.2,3,-5.005098342895508,-5.128299713134766,0.1232013702392578,-0.021888837814331,0.0582711686412815,-0.0353062152862548,-0.1103662848472595,0.1018018960952758,0.0392156862745098,"8,11,4",True,logit_or_raw
0,CCCCC(CC)COCCC#N,8,SR-HSE,0.3,4,-5.005098342895508,-5.065242290496826,0.0601439476013183,-0.0305031013488769,0.0517520577557249,-0.0294718742370605,-0.1262614130973816,0.0723911881446838,0.0784313725490196,"8,11,4,0",True,logit_or_raw
0,CCCCC(CC)COCCC#N,9,SR-MMP,0.05,1,-5.003066062927246,-5.320312976837158,0.3172469139099121,0.0408198070526123,0.0808331843517963,0.0484392642974853,-0.0542635917663574,0.1552882194519043,0.0392156862745098,8,True,logit_or_raw
0,CCCCC(CC)COCCC#N,9,SR-MMP,0.1,2,-5.003066062927246,-5.322089672088623,0.3190236091613769,0.0450504398345947,0.112893576450212,0.0207386016845703,-0.1279182314872741,0.3112261056900024,0.0588235294117647,"8,11",True,logit_or_raw
0,CCCCC(CC)COCCC#N,9,SR-MMP,0.2,3,-5.003066062927246,-5.2832932472229,0.2802271842956543,-0.0050562477111816,0.1221000533219311,-0.0067789554595947,-0.2041475415229797,0.2199837803840637,0.0392156862745098,"8,11,4",True,logit_or_raw
0,CCCCC(CC)COCCC#N,9,SR-MMP,0.3,4,-5.003066062927246,-5.165512561798096,0.1624464988708496,-0.0548435020446777,0.1433443733414086,-0.0386030673980712,-0.3497289896011352,0.146907365322113,0.0392156862745098,"8,11,4,5",True,logit_or_raw
0,CCCCC(CC)COCCC#N,10,SR-p53,0.05,1,-5.558412551879883,-5.5944013595581055,0.0359888076782226,-0.0813872623443603,0.0741187301788001,-0.1198797225952148,-0.1471135854721069,0.0359888076782226,0.0980392156862745,11,True,logit_or_raw
0,CCCCC(CC)COCCC#N,10,SR-p53,0.1,2,-5.558412551879883,-5.199540615081787,-0.3588719367980957,-0.1137637519836425,0.0863918009593772,-0.1214306354522705,-0.3069610118865967,0.0319742202758789,1.0,"11,8",True,logit_or_raw
0,CCCCC(CC)COCCC#N,10,SR-p53,0.2,3,-5.558412551879883,-5.443113803863525,-0.1152987480163574,-0.2050007915496826,0.15172769288586,-0.1802701950073242,-0.5698690295219422,0.0067842483520507,0.3725490196078431,"11,8,4",True,logit_or_raw
0,CCCCC(CC)COCCC#N,10,SR-p53,0.3,4,-5.558412551879883,-5.530624866485596,-0.0277876853942871,-0.3315824031829834,0.2400825674190417,-0.2968854904174804,-0.8383791089057923,-0.0315371394157409,0.0392156862745098,"11,8,4,0",True,logit_or_raw
1,CC[C@@H](N)CO,0,Ames,0.05,1,-1.574577569961548,-1.7595990896224976,0.1850215196609497,-0.0630000662803649,0.1798871861018293,-0.1291272640228271,-0.2792280912399292,0.1850214004516601,0.0196078431372549,3,True,logit_or_raw
1,CC[C@@H](N)CO,0,Ames,0.1,1,-1.574577569961548,-1.7595988512039185,0.1850212812423706,-0.0989673662185668,0.1668179585087559,-0.1584346294403076,-0.2792279452085495,0.1850214004516601,0.1764705882352941,3,True,logit_or_raw
1,CC[C@@H](N)CO,0,Ames,0.2,2,-1.574577569961548,-2.1348671913146973,0.5602896213531494,-0.1406995344161987,0.2486925696062571,-0.1139807105064392,-0.5214221924543381,0.5602898061275482,0.0980392156862745,"3,5",True,logit_or_raw
1,CC[C@@H](N)CO,0,Ames,0.3,2,-1.574577569961548,-2.1348674297332764,0.5602898597717285,-0.1783045864105224,0.2611693594806866,-0.2641314268112182,-0.56205413043499,0.5602898061275482,0.0588235294117647,"3,5",True,logit_or_raw
1,CC[C@@H](N)CO,1,LD50_Zhu,0.05,1,-2.382983446121216,-2.580854892730713,0.197871446609497,0.0523570013046264,0.1511727531653225,0.1380558013916015,-0.1765530109405517,0.197871446609497,0.1568627450980392,3,True,logit_or_raw
1,CC[C@@H](N)CO,1,LD50_Zhu,0.1,1,-2.382983446121216,-2.580854892730713,0.197871446609497,0.0529691934585571,0.1256187227851475,0.0630581378936767,-0.1765530109405517,0.197871446609497,0.1372549019607843,3,True,logit_or_raw
1,CC[C@@H](N)CO,1,LD50_Zhu,0.2,2,-2.382983446121216,-2.507906436920166,0.1249229907989502,0.0352844619750976,0.206060223683546,0.1249229907989502,-0.5486954838037491,0.2351967692375183,0.5294117647058824,"3,0",True,logit_or_raw
1,CC[C@@H](N)CO,1,LD50_Zhu,0.3,2,-2.382983446121216,-2.5079057216644287,0.1249222755432128,0.0459816098213195,0.198579659616201,0.1288737058639526,-0.4718965470790863,0.2359013020992279,0.5686274509803921,"3,0",True,logit_or_raw
1,CC[C@@H](N)CO,2,hERG_Karim,0.05,1,-1.3193387985229492,-1.4866276979446411,0.1672888994216919,0.0884912133216857,0.0886379836601403,0.0963931083679199,-0.0841894149780273,0.178402304649353,0.4117647058823529,2,True,logit_or_raw
1,CC[C@@H](N)CO,2,hERG_Karim,0.1,1,-1.3193387985229492,-1.4866275787353516,0.1672887802124023,0.080356707572937,0.0919731160884303,0.0963930487632751,-0.0841895073652267,0.1784020662307739,0.3725490196078431,2,True,logit_or_raw
1,CC[C@@H](N)CO,2,hERG_Karim,0.2,2,-1.3193387985229492,-1.4758920669555664,0.1565532684326172,0.0600077867507934,0.1047734790594793,0.0834693312644958,-0.1727777451276779,0.2055988311767578,0.1764705882352941,"2,0",True,logit_or_raw
1,CC[C@@H](N)CO,2,hERG_Karim,0.3,2,-1.3193387985229492,-1.4758919477462769,0.1565531492233276,0.0995861339569091,0.1071156707426105,0.0998887419700622,-0.1723813563585281,0.2055990159511566,0.4117647058823529,"2,0",True,logit_or_raw
1,CC[C@@H](N)CO,3,NR-AhR,0.05,1,-5.287212371826172,-5.391841888427734,0.1046295166015625,-0.0009734535217285,0.0514467502913508,-0.0263328552246093,-0.0357093811035156,0.1046298861503601,0.1764705882352941,3,True,logit_or_raw
1,CC[C@@H](N)CO,3,NR-AhR,0.1,1,-5.287212371826172,-5.391841888427734,0.1046295166015625,0.0077445983886718,0.0541497803643317,-0.0151100158691406,-0.0357089042663574,0.1046299934387207,0.2156862745098039,3,True,logit_or_raw
1,CC[C@@H](N)CO,3,NR-AhR,0.2,2,-5.287212371826172,-5.488109111785889,0.2008967399597168,0.0123201084136962,0.0768935082120799,0.0004959106445312,-0.076812744140625,0.2008962631225586,0.0392156862745098,"3,5",True,logit_or_raw
1,CC[C@@H](N)CO,3,NR-AhR,0.3,2,-5.287212371826172,-5.488109111785889,0.2008967399597168,0.0095715618133544,0.0838455187732362,-0.0020043849945068,-0.076812744140625,0.2008967399597168,0.0980392156862745,"3,5",True,logit_or_raw
1,CC[C@@H](N)CO,4,NR-Aromatase,0.05,1,-5.889453411102295,-5.909178256988525,0.0197248458862304,-0.012660789489746,0.0151510586855799,-0.0175535678863525,-0.0254092216491699,0.0197248458862304,0.0980392156862745,5,True,logit_or_raw
1,CC[C@@H](N)CO,4,NR-Aromatase,0.1,1,-5.889453411102295,-5.909178733825684,0.0197253227233886,-0.0145287609100341,0.0125794013755285,-0.0146336555480957,-0.0254092216491699,0.0197251081466674,0.0588235294117647,5,True,logit_or_raw
1,CC[C@@H](N)CO,4,NR-Aromatase,0.2,2,-5.889453411102295,-5.895252227783203,0.0057988166809082,-0.016717824935913,0.0171309222231877,-0.013160228729248,-0.0439136028289794,0.0068135261535644,0.1372549019607843,"5,3",True,logit_or_raw
1,CC[C@@H](N)CO,4,NR-Aromatase,0.3,2,-5.889453411102295,-5.89525318145752,0.0057997703552246,-0.0176646995544433,0.0197932844098491,-0.0116467475891113,-0.0441093444824218,0.0068134188652038,0.196078431372549,"5,3",True,logit_or_raw
1,CC[C@@H](N)CO,5,NR-ER,0.05,1,-3.112047910690308,-3.204195737838745,0.0921478271484375,0.00668297290802,0.0573479015570811,-0.0282511711120605,-0.0426151752471923,0.0921478271484375,0.1764705882352941,5,True,logit_or_raw
1,CC[C@@H](N)CO,5,NR-ER,0.1,1,-3.112047910690308,-3.204195737838745,0.0921478271484375,0.0057686519622802,0.0566607697891837,-0.0201557874679565,-0.0426151752471923,0.0921478271484375,0.0980392156862745,5,True,logit_or_raw
1,CC[C@@H](N)CO,5,NR-ER,0.2,2,-3.112047910690308,-3.260469436645508,0.1484215259552002,0.000946455001831,0.0672356079684039,0.0073978900909423,-0.0706047475337982,0.1344593942165373,0.0588235294117647,"5,3",True,logit_or_raw
1,CC[C@@H](N)CO,5,NR-ER,0.3,2,-3.112047910690308,-3.260469913482666,0.1484220027923584,0.0205821657180786,0.0734245944324023,0.009407639503479,-0.0704030752182006,0.1484220027923584,0.1568627450980392,"5,3",True,logit_or_raw
1,CC[C@@H](N)CO,6,NR-ER-LBD,0.05,1,-5.4523138999938965,-5.4388427734375,-0.0134711265563964,-0.0123787021636962,0.003394336407432,-0.01347017288208,-0.0164813995361328,-0.0061731338500976,0.6666666666666666,3,True,logit_or_raw
1,CC[C@@H](N)CO,6,NR-ER-LBD,0.1,1,-5.4523138999938965,-5.438843727111816,-0.01347017288208,-0.0130437469482421,0.0029435686990893,-0.0134706497192382,-0.0164812922477722,-0.0061731338500976,0.4901960784313725,3,True,logit_or_raw
1,CC[C@@H](N)CO,6,NR-ER-LBD,0.2,2,-5.4523138999938965,-5.3987812995910645,-0.053532600402832,-0.0231785011291503,0.0176443423046231,-0.0194544792175292,-0.0535330772399902,0.0007591247558593,0.9411764705882352,"3,5",True,logit_or_raw
1,CC[C@@H](N)CO,6,NR-ER-LBD,0.3,2,-5.4523138999938965,-5.398780345916748,-0.0535335540771484,-0.0296624660491943,0.0159724554828419,-0.0286707878112792,-0.0535330772399902,-0.0029044151306152,1.0,"3,5",True,logit_or_raw
1,CC[C@@H](N)CO,7,SR-ARE,0.05,1,-4.6760783195495605,-4.787957668304443,0.1118793487548828,0.0061087131500244,0.0684290733492803,-0.0337898731231689,-0.0504612922668457,0.1118793487548828,0.1176470588235294,3,True,logit_or_raw
1,CC[C@@H](N)CO,7,SR-ARE,0.1,1,-4.6760783195495605,-4.787957191467285,0.1118788719177246,-0.0026281642913818,0.0633199922152194,-0.0404706001281738,-0.0504612922668457,0.1118793487548828,0.1764705882352941,3,True,logit_or_raw
1,CC[C@@H](N)CO,7,SR-ARE,0.2,2,-4.6760783195495605,-4.878777503967285,0.2026991844177246,-0.0098694324493408,0.0757340377843562,0.0059680938720703,-0.1257243156433105,0.2026995539665222,0.0784313725490196,"3,5",True,logit_or_raw
1,CC[C@@H](N)CO,7,SR-ARE,0.3,2,-4.6760783195495605,-4.878777980804443,0.2026996612548828,-0.0091228008270263,0.0663116315575741,0.0059678554534912,-0.1175342440605163,0.1655234932899472,0.0588235294117647,"3,5",True,logit_or_raw
1,CC[C@@H](N)CO,8,SR-HSE,0.05,1,-5.46018648147583,-5.567152976989746,0.106966495513916,0.0050219917297363,0.0380405280636611,0.0025787353515625,-0.0393022418022155,0.106966495513916,0.0980392156862745,3,True,logit_or_raw
1,CC[C@@H](N)CO,8,SR-HSE,0.1,1,-5.46018648147583,-5.567152976989746,0.106966495513916,0.0181584930419921,0.0420769669759911,0.0025787353515625,-0.0393023490905761,0.106966495513916,0.1568627450980392,3,True,logit_or_raw
1,CC[C@@H](N)CO,8,SR-HSE,0.2,2,-5.46018648147583,-5.54095983505249,0.0807733535766601,0.0063607883453369,0.0441998483707842,-0.0081205368041992,-0.0589890480041503,0.0837153315544128,0.1176470588235294,"3,2",True,logit_or_raw
1,CC[C@@H](N)CO,8,SR-HSE,0.3,2,-5.46018648147583,-5.54095983505249,0.0807733535766601,0.005885534286499,0.0481510293230708,-0.0019392967224121,-0.0589889407157897,0.0845693469047546,0.1372549019607843,"3,2",True,logit_or_raw
1,CC[C@@H](N)CO,9,SR-MMP,0.05,1,-5.419242858886719,-5.458935737609863,0.0396928787231445,-0.0042577171325683,0.0275959421132978,-0.0145487785339355,-0.0303206443786621,0.0396928787231445,0.0980392156862745,5,True,logit_or_raw
1,CC[C@@H](N)CO,9,SR-MMP,0.1,1,-5.419242858886719,-5.458935260772705,0.0396924018859863,-0.0002873802185058,0.0274683253182051,-0.0100631713867187,-0.0303206443786621,0.0396928787231445,0.2156862745098039,5,True,logit_or_raw
1,CC[C@@H](N)CO,9,SR-MMP,0.2,2,-5.419242858886719,-5.46046257019043,0.0412197113037109,-0.0054804706573486,0.0378969177976285,0.0028550624847412,-0.0493373870849609,0.0412197113037109,0.1176470588235294,"5,3",True,logit_or_raw
1,CC[C@@H](N)CO,9,SR-MMP,0.3,2,-5.419242858886719,-5.46046257019043,0.0412197113037109,-0.0064516830444335,0.0340463142270465,-0.000864028930664,-0.0493373870849609,0.0412197113037109,0.0784313725490196,"5,3",True,logit_or_raw
1,CC[C@@H](N)CO,10,SR-p53,0.05,1,-4.969432830810547,-5.165652751922607,0.1962199211120605,0.0321511459350585,0.1363603838794882,-0.0262136459350585,-0.0869969248771667,0.2412900924682617,0.2941176470588235,5,True,logit_or_raw
1,CC[C@@H](N)CO,10,SR-p53,0.1,1,-4.969432830810547,-5.165652275085449,0.1962194442749023,0.0548588752746582,0.1457012221731612,-0.0262136459350585,-0.0869970321655273,0.2412905693054199,0.4313725490196078,5,True,logit_or_raw
1,CC[C@@H](N)CO,10,SR-p53,0.2,2,-4.969432830810547,-5.497747421264648,0.5283145904541016,0.0440971374511718,0.1895028320197795,0.03379487991333,-0.1680054664611816,0.5283145904541016,0.1176470588235294,"5,3",True,logit_or_raw
1,CC[C@@H](N)CO,10,SR-p53,0.3,2,-4.969432830810547,-5.497747421264648,0.5283145904541016,-0.0193300151824951,0.1330835891065087,-0.0467762947082519,-0.1680054664611816,0.1265621185302734,0.0196078431372549,"5,3",True,logit_or_raw
2,Oc1cc2c3c(c1)c1cc4c(cc1c[n+]3CC2)OCO4,0,Ames,0.05,1,3.233145475387573,3.066716432571411,0.1664290428161621,0.2430954217910766,0.2143675222748545,0.2534372806549072,-0.3109101176261901,0.6901239275932312,0.7058823529411765,1,True,logit_or_raw
2,Oc1cc2c3c(c1)c1cc4c(cc1c[n+]3CC2)OCO4,0,Ames,0.1,2,3.233145475387573,2.745323896408081,0.4878215789794922,0.4510802030563354,0.3056356967593303,0.4639664888381958,-0.0350563704967498,1.2643615126609795,0.4117647058823529,"1,18",True,logit_or_raw
2,Oc1cc2c3c(c1)c1cc4c(cc1c[n+]3CC2)OCO4,0,Ames,0.2,4,3.233145475387573,2.3781752586364746,0.8549702167510986,0.5295561695098877,0.4431000159180607,0.5249015092849731,-0.2993780434131622,1.2577916979789734,0.2941176470588235,"1,18,11,2",True,logit_or_raw
2,Oc1cc2c3c(c1)c1cc4c(cc1c[n+]3CC2)OCO4,0,Ames,0.3,6,3.233145475387573,2.385192632675171,0.8479528427124023,0.7797371220588684,0.5979504979476191,0.7838099002838135,-0.2662391483783722,1.860900640487671,0.4901960784313725,"1,18,11,2,13,6",True,logit_or_raw
2,Oc1cc2c3c(c1)c1cc4c(cc1c[n+]3CC2)OCO4,1,LD50_Zhu,0.05,1,-0.3278243243694305,-0.416655033826828,0.0888307094573974,0.1117701970040798,0.1669900820051063,0.1022889316082,-0.1207779690623283,0.5231533974409099,0.5686274509803921,1,True,logit_or_raw
2,Oc1cc2c3c(c1)c1cc4c(cc1c[n+]3CC2)OCO4,1,LD50_Zhu,0.1,2,-0.3278243243694305,-0.5913436412811279,0.2635193169116974,0.1471271629491821,0.2434319056257873,0.184024304151535,-0.2544386569410563,0.6352959841489791,0.3529411764705882,"1,11",True,logit_or_raw
2,Oc1cc2c3c(c1)c1cc4c(cc1c[n+]3CC2)OCO4,1,LD50_Zhu,0.2,4,-0.3278243243694305,-0.6760889887809753,0.3482646644115448,0.2386572520807385,0.299106490506945,0.2545552253723144,-0.2270887723192572,0.8440129399299622,0.2745098039215686,"1,11,18,2",True,logit_or_raw
2,Oc1cc2c3c(c1)c1cc4c(cc1c[n+]3CC2)OCO4,1,LD50_Zhu,0.3,6,-0.3278243243694305,-0.6849837899208069,0.3571594655513763,0.2886109831929206,0.3213842633859659,0.2655092477798462,-0.1842783935368061,0.9623554557561872,0.3725490196078431,"1,11,18,2,8,6",True,logit_or_raw
2,Oc1cc2c3c(c1)c1cc4c(cc1c[n+]3CC2)OCO4,2,hERG_Karim,0.05,1,0.1707205176353454,0.0158128608018159,0.1549076568335294,0.1003701160103082,0.1860238436659817,0.1328085837885737,-0.3104901015758514,0.3314169973134994,0.5098039215686274,1,True,logit_or_raw
2,Oc1cc2c3c(c1)c1cc4c(cc1c[n+]3CC2)OCO4,2,hERG_Karim,0.1,2,0.1707205176353454,-0.259060651063919,0.4297811686992645,0.2336194839328527,0.2216372246758611,0.2867927029728889,-0.1957396488636732,0.4889152973890304,0.1568627450980392,"1,18",True,logit_or_raw
2,Oc1cc2c3c(c1)c1cc4c(cc1c[n+]3CC2)OCO4,2,hERG_Karim,0.2,4,0.1707205176353454,-0.3045993447303772,0.4753198623657226,0.1469255151459947,0.4773013639168998,0.2945254854857921,-0.7925928696990013,0.6588438063859939,0.3529411764705882,"1,18,16,13",True,logit_or_raw
2,Oc1cc2c3c(c1)c1cc4c(cc1c[n+]3CC2)OCO4,2,hERG_Karim,0.3,6,0.1707205176353454,-0.513192355632782,0.6839128732681274,0.2994757237588055,0.3769370421406637,0.3516585454344749,-0.4900948628783226,0.9227987557649612,0.1372549019607843,"1,18,16,13,2,11",True,logit_or_raw
2,Oc1cc2c3c(c1)c1cc4c(cc1c[n+]3CC2)OCO4,3,NR-AhR,0.05,1,2.771907091140747,2.889050006866455,-0.117142915725708,0.0932427501678466,0.209935632431161,0.0102288722991943,-0.1230403900146484,0.7164610862731932,0.9607843137254902,15,True,logit_or_raw
2,Oc1cc2c3c(c1)c1cc4c(cc1c[n+]3CC2)OCO4,3,NR-AhR,0.1,2,2.771907091140747,2.7959773540496826,-0.0240702629089355,0.3226787370443344,0.6982666497347549,0.0415117740631103,-0.1477430164813995,2.766803431510924,0.6666666666666666,"15,7",True,logit_or_raw
2,Oc1cc2c3c(c1)c1cc4c(cc1c[n+]3CC2)OCO4,3,NR-AhR,0.2,4,2.771907091140747,1.6641712188720703,1.1077358722686768,0.3933553418517113,0.6358442468353395,0.1808257102966308,-0.1450533509254455,2.244875563681125,0.1372549019607843,"15,7,5,12",True,logit_or_raw
2,Oc1cc2c3c(c1)c1cc4c(cc1c[n+]3CC2)OCO4,3,NR-AhR,0.3,6,2.771907091140747,-0.6498414278030396,3.4217485189437866,0.4972769179171882,0.82569801755526,0.2467725276947021,-0.1820412993431091,2.688568752634455,0.0392156862745098,"15,7,5,12,4,3",True,logit_or_raw
2,Oc1cc2c3c(c1)c1cc4c(cc1c[n+]3CC2)OCO4,4,NR-Aromatase,0.05,1,-1.7324397563934326,-1.8533200025558472,0.1208802461624145,0.0279461026191711,0.2137352675363672,0.0813413858413696,-0.577174186706543,0.2046105861663818,0.2941176470588235,16,True,logit_or_raw
2,Oc1cc2c3c(c1)c1cc4c(cc1c[n+]3CC2)OCO4,4,NR-Aromatase,0.1,2,-1.7324397563934326,-1.9952458143234253,0.2628060579299927,0.1040343713760376,0.2637633186849405,0.1792271733283996,-0.5831072330474854,0.4951016604900357,0.1176470588235294,"16,1",True,logit_or_raw
2,Oc1cc2c3c(c1)c1cc4c(cc1c[n+]3CC2)OCO4,4,NR-Aromatase,0.2,4,-1.7324397563934326,-2.120824098587036,0.3883843421936035,0.0935385024547576,0.4389917534145472,0.270334243774414,-0.7445734739303589,0.7805312871932982,0.3333333333333333,"16,1,15,18",True,logit_or_raw
2,Oc1cc2c3c(c1)c1cc4c(cc1c[n+]3CC2)OCO4,4,NR-Aromatase,0.3,6,-1.7324397563934326,-2.259584903717041,0.5271451473236084,0.0278206467628479,0.6432158190459858,0.1079960465431213,-0.8516439482569694,1.372718185186386,0.2352941176470588,"16,1,15,18,2,13",True,logit_or_raw
2,Oc1cc2c3c(c1)c1cc4c(cc1c[n+]3CC2)OCO4,5,NR-ER,0.05,1,-3.0488641262054443,-3.1789331436157227,0.1300690174102783,0.0148431634902954,0.0433037250652748,-0.0023026466369628,-0.0186049938201904,0.130068963766098,0.0588235294117647,7,True,logit_or_raw
2,Oc1cc2c3c(c1)c1cc4c(cc1c[n+]3CC2)OCO4,5,NR-ER,0.1,2,-3.0488641262054443,-3.2898054122924805,0.2409412860870361,0.0403775644302368,0.0664347110108656,0.0145366191864013,-0.022510427236557,0.1989774644374846,0.0392156862745098,"7,5",True,logit_or_raw
2,Oc1cc2c3c(c1)c1cc4c(cc1c[n+]3CC2)OCO4,5,NR-ER,0.2,4,-3.0488641262054443,-3.493049383163452,0.4441852569580078,0.0586401891708374,0.0870458045172384,0.0273613929748535,-0.0264280140399932,0.2519190073013305,0.0196078431372549,"7,5,12,4",True,logit_or_raw
2,Oc1cc2c3c(c1)c1cc4c(cc1c[n+]3CC2)OCO4,5,NR-ER,0.3,6,-3.0488641262054443,-3.402245044708252,0.3533809185028076,0.0792505979537963,0.1208740680026039,0.0180150270462036,-0.0182564616203308,0.3430654525756836,0.0392156862745098,"7,5,12,4,3,0",True,logit_or_raw
2,Oc1cc2c3c(c1)c1cc4c(cc1c[n+]3CC2)OCO4,6,NR-ER-LBD,0.05,1,-1.9057788848876955,-2.275243759155273,0.3694648742675781,0.1379187870025634,0.1955006535901953,0.050485610961914,-0.0492416620254516,0.6716116309165953,0.1372549019607843,12,True,logit_or_raw
2,Oc1cc2c3c(c1)c1cc4c(cc1c[n+]3CC2)OCO4,6,NR-ER-LBD,0.1,2,-1.9057788848876955,-3.345447063446045,1.4396681785583496,0.3939051723480224,0.4713716056499643,0.2376372814178466,-0.121739050745964,1.6595462799072265,0.0588235294117647,"12,7",True,logit_or_raw
2,Oc1cc2c3c(c1)c1cc4c(cc1c[n+]3CC2)OCO4,6,NR-ER-LBD,0.2,4,-1.9057788848876955,-4.445984840393066,2.540205955505371,0.6763814973831177,0.6921986734972382,0.3722587823867798,0.0201447755098342,2.257119858264923,0.0392156862745098,"12,7,5,1",True,logit_or_raw
2,Oc1cc2c3c(c1)c1cc4c(cc1c[n+]3CC2)OCO4,6,NR-ER-LBD,0.3,6,-1.9057788848876955,-5.099942207336426,3.1941633224487305,0.7674288892745972,0.8769646382799349,0.4267170429229736,-0.0897933989763259,2.8264289021492,0.0196078431372549,"12,7,5,1,3,10",True,logit_or_raw
2,Oc1cc2c3c(c1)c1cc4c(cc1c[n+]3CC2)OCO4,7,SR-ARE,0.05,1,0.0304108057171106,-0.1657306253910064,0.1961414311081171,-0.0479979422688484,0.483171616946934,-0.2254648860543966,-0.6349457573145628,1.1124401483684778,0.1764705882352941,0,True,logit_or_raw
2,Oc1cc2c3c(c1)c1cc4c(cc1c[n+]3CC2)OCO4,7,SR-ARE,0.1,2,0.0304108057171106,0.4437257647514343,-0.4133149590343237,-0.0566817001253366,0.6711517326908545,-0.1245924290269613,-1.0137233193963766,1.076577103510499,0.7843137254901961,"0,15",True,logit_or_raw
2,Oc1cc2c3c(c1)c1cc4c(cc1c[n+]3CC2)OCO4,7,SR-ARE,0.2,4,0.0304108057171106,-0.3333555161952972,0.3637663219124079,0.1595500953868031,1.0232339824590488,-0.1977665405720472,-1.0349471565335988,2.49876904822886,0.3725490196078431,"0,15,7,5",True,logit_or_raw
2,Oc1cc2c3c(c1)c1cc4c(cc1c[n+]3CC2)OCO4,7,SR-ARE,0.3,6,0.0304108057171106,-0.7931069731712341,0.8235177788883448,0.2263340923190117,1.091661340092198,-0.1690146010369062,-0.98516979329288,2.5638939950615165,0.2941176470588235,"0,15,7,5,19,4",True,logit_or_raw
2,Oc1cc2c3c(c1)c1cc4c(cc1c[n+]3CC2)OCO4,8,SR-HSE,0.05,1,-1.6579912900924685,-3.2318906784057617,1.5738993883132937,0.4513775426149368,0.586704342087138,0.1947219967842102,-0.1901050806045532,1.573899757862091,0.0784313725490196,7,True,logit_or_raw
2,Oc1cc2c3c(c1)c1cc4c(cc1c[n+]3CC2)OCO4,8,SR-HSE,0.1,2,-1.6579912900924685,-3.8686370849609375,2.210645794868469,0.4798398143053055,0.9188851509605864,0.3278731107711792,-1.3282280817627907,2.522436332702636,0.0784313725490196,"7,12",True,logit_or_raw
2,Oc1cc2c3c(c1)c1cc4c(cc1c[n+]3CC2)OCO4,8,SR-HSE,0.2,4,-1.6579912900924685,-4.608313083648682,2.9503217935562134,0.4642365294322371,1.2260111560490723,0.4677205085754394,-1.7395002428907902,2.576364159584045,0.0392156862745098,"7,12,5,1",True,logit_or_raw
2,Oc1cc2c3c(c1)c1cc4c(cc1c[n+]3CC2)OCO4,8,SR-HSE,0.3,6,-1.6579912900924685,-5.054532527923584,3.396541237831116,-0.0183199222385883,1.268950969642834,0.234016478061676,-2.1563090965151788,2.2870914518833154,0.0196078431372549,"7,12,5,1,3,4",True,logit_or_raw
2,Oc1cc2c3c(c1)c1cc4c(cc1c[n+]3CC2)OCO4,9,SR-MMP,0.05,1,-1.5546891689300537,-1.8402113914489744,0.2855222225189209,-0.0430507755279541,0.3566876960083431,-0.1642919778823852,-0.4007829159498214,0.8127191066741943,0.1568627450980392,0,True,logit_or_raw
2,Oc1cc2c3c(c1)c1cc4c(cc1c[n+]3CC2)OCO4,9,SR-MMP,0.1,2,-1.5546891689300537,-2.490694761276245,0.9360055923461914,-0.0031934642791748,0.5034381145815371,-0.2197321057319641,-0.4620309770107269,1.3677637398242946,0.0784313725490196,"0,7",True,logit_or_raw
2,Oc1cc2c3c(c1)c1cc4c(cc1c[n+]3CC2)OCO4,9,SR-MMP,0.2,4,-1.5546891689300537,-2.0754215717315674,0.5207324028015137,0.3309317231178283,0.7192666863477366,0.0618833899497985,-0.3892404049634933,2.2035680592060083,0.3137254901960784,"0,7,15,5",True,logit_or_raw
2,Oc1cc2c3c(c1)c1cc4c(cc1c[n+]3CC2)OCO4,9,SR-MMP,0.3,6,-1.5546891689300537,-2.2892158031463623,0.7345266342163086,0.2927919816970825,0.7370680505561102,0.1127150654792785,-0.4612831443548202,2.2658560395240785,0.2156862745098039,"0,7,15,5,4,19",True,logit_or_raw
2,Oc1cc2c3c(c1)c1cc4c(cc1c[n+]3CC2)OCO4,10,SR-p53,0.05,1,-1.7134138345718384,-2.9223928451538086,1.2089790105819702,0.1862433195114135,0.4857034730590679,-0.0264621973037719,-0.3259783059358597,1.208979195356369,0.0980392156862745,7,True,logit_or_raw
2,Oc1cc2c3c(c1)c1cc4c(cc1c[n+]3CC2)OCO4,10,SR-p53,0.1,2,-1.7134138345718384,-4.077890396118164,2.3644765615463257,0.2731784677505493,0.5220794208768815,0.0157322287559509,-0.2913660049438477,1.2528499722480773,0.0196078431372549,"7,5",True,logit_or_raw
2,Oc1cc2c3c(c1)c1cc4c(cc1c[n+]3CC2)OCO4,10,SR-p53,0.2,4,-1.7134138345718384,-5.200718402862549,3.4873045682907104,0.6859632658958436,1.0424912839757627,0.1817662715911865,-0.4521399885416031,2.802533090114593,0.0196078431372549,"7,5,12,4",True,logit_or_raw
2,Oc1cc2c3c(c1)c1cc4c(cc1c[n+]3CC2)OCO4,10,SR-p53,0.3,6,-1.7134138345718384,-5.389374256134033,3.675960421562195,0.5386000061035157,0.9068462161962554,0.3690025806427002,-0.5132984280586242,2.4708647251129148,0.0196078431372549,"7,5,12,4,3,9",True,logit_or_raw
3,Nc1cc2c3c(c1)C(c1ccccc1)=N[C@@H](NC(=O)c1cccnc1)C(=O)N3CC2,0,Ames,0.05,2,0.483130395412445,-0.7688894271850586,1.2520198225975037,-0.0130975726246833,0.4725673068520297,-0.0508447885513305,-0.9388004064559936,1.0956173628568648,0.0392156862745098,"4,3",True,logit_or_raw
3,Nc1cc2c3c(c1)C(c1ccccc1)=N[C@@H](NC(=O)c1cccnc1)C(=O)N3CC2,0,Ames,0.1,3,0.483130395412445,-1.1551001071929932,1.6382305026054382,0.0282057392876595,0.6357140358494922,-0.0295146703720092,-1.179047384858131,1.222476768493652,0.0392156862745098,"4,3,5",True,logit_or_raw
3,Nc1cc2c3c(c1)C(c1ccccc1)=N[C@@H](NC(=O)c1cccnc1)C(=O)N3CC2,0,Ames,0.2,6,0.483130395412445,-1.793423056602478,2.276553452014923,0.4725056714192033,0.8260924586847351,0.5349063565954566,-1.4523428738117217,2.0149947583675383,0.0196078431372549,"4,3,5,7,8,1",True,logit_or_raw
3,Nc1cc2c3c(c1)C(c1ccccc1)=N[C@@H](NC(=O)c1cccnc1)C(=O)N3CC2,0,Ames,0.3,9,0.483130395412445,-1.8790138959884644,2.362144291400909,0.3724709149077534,0.9075356881901834,0.3956596739590168,-1.700329953432083,2.040872406959534,0.0196078431372549,"4,3,5,7,8,1,19,24,22",True,logit_or_raw
3,Nc1cc2c3c(c1)C(c1ccccc1)=N[C@@H](NC(=O)c1cccnc1)C(=O)N3CC2,1,LD50_Zhu,0.05,2,0.0429575480520725,-0.1528688967227935,0.1958264447748661,0.0269884978505433,0.0852796183616122,0.0234927497804164,-0.1654336635023355,0.1845047950744628,0.0392156862745098,"0,5",True,logit_or_raw
3,Nc1cc2c3c(c1)C(c1ccccc1)=N[C@@H](NC(=O)c1cccnc1)C(=O)N3CC2,1,LD50_Zhu,0.1,3,0.0429575480520725,-0.1830606758594513,0.2260182239115238,0.0297351039061322,0.1050196645620215,0.0291557991877198,-0.1695264533162117,0.2489086177200078,0.0588235294117647,"0,5,3",True,logit_or_raw
3,Nc1cc2c3c(c1)C(c1ccccc1)=N[C@@H](NC(=O)c1cccnc1)C(=O)N3CC2,1,LD50_Zhu,0.2,6,0.0429575480520725,-0.2374811470508575,0.28043869510293,0.097028711293824,0.1106697865314959,0.0967198442667722,-0.1070178855210542,0.3082448836416006,0.0784313725490196,"0,5,3,4,16,7",True,logit_or_raw
3,Nc1cc2c3c(c1)C(c1ccccc1)=N[C@@H](NC(=O)c1cccnc1)C(=O)N3CC2,1,LD50_Zhu,0.3,9,0.0429575480520725,-0.4276011288166046,0.4705586768686771,0.0894931773981079,0.1374811095270334,0.1029775589704513,-0.154007651656866,0.3178739495575428,0.0196078431372549,"0,5,3,4,16,7,8,26,18",True,logit_or_raw
3,Nc1cc2c3c(c1)C(c1ccccc1)=N[C@@H](NC(=O)c1cccnc1)C(=O)N3CC2,2,hERG_Karim,0.05,2,-0.094617910683155,-0.1861046403646469,0.0914867296814918,-0.0089792834036052,0.0546021647603603,-0.0064204409718513,-0.1673240054165944,0.0662838194519281,0.0196078431372549,"4,3",True,logit_or_raw
3,Nc1cc2c3c(c1)C(c1ccccc1)=N[C@@H](NC(=O)c1cccnc1)C(=O)N3CC2,2,hERG_Karim,0.1,3,-0.094617910683155,-0.219705194234848,0.1250872835516929,-0.011396458800591,0.0650423993101995,-0.0097240880131721,-0.141837466135621,0.0903025642037391,0.0196078431372549,"4,3,5",True,logit_or_raw
3,Nc1cc2c3c(c1)C(c1ccccc1)=N[C@@H](NC(=O)c1cccnc1)C(=O)N3CC2,2,hERG_Karim,0.2,6,-0.094617910683155,-0.2790762186050415,0.1844583079218864,-0.0262132363859564,0.1002269874564622,-0.0218175053596496,-0.239694669470191,0.1094729036092758,0.0196078431372549,"4,3,5,24,1,22",True,logit_or_raw
3,Nc1cc2c3c(c1)C(c1ccccc1)=N[C@@H](NC(=O)c1cccnc1)C(=O)N3CC2,2,hERG_Karim,0.3,9,-0.094617910683155,-0.2900584638118744,0.1954405531287193,-0.0613922074157744,0.188129456341713,-0.0142199695110321,-0.6329062923789024,0.1406960010528564,0.0196078431372549,"4,3,5,24,1,22,7,8,19",True,logit_or_raw
3,Nc1cc2c3c(c1)C(c1ccccc1)=N[C@@H](NC(=O)c1cccnc1)C(=O)N3CC2,3,NR-AhR,0.05,2,-0.2903431057929992,-1.0313324928283691,0.7409893870353699,0.1116362349130213,0.335913765573719,0.0018312633037567,-0.3400564436567947,0.7122107714414596,0.0392156862745098,"4,3",True,logit_or_raw
3,Nc1cc2c3c(c1)C(c1ccccc1)=N[C@@H](NC(=O)c1cccnc1)C(=O)N3CC2,3,NR-AhR,0.1,3,-0.2903431057929992,-1.2843623161315918,0.9940192103385924,0.2460845582094043,0.497176180816938,0.0620782375335693,-0.3721429779659956,1.3664290815591809,0.1176470588235294,"4,3,5",True,logit_or_raw
3,Nc1cc2c3c(c1)C(c1ccccc1)=N[C@@H](NC(=O)c1cccnc1)C(=O)N3CC2,3,NR-AhR,0.2,6,-0.2903431057929992,-2.0091869831085205,1.7188438773155212,0.2845720800384879,0.4774852337917066,0.2276501059532165,-0.4812822259962558,1.3386451512575148,0.0196078431372549,"4,3,5,7,1,8",True,logit_or_raw
3,Nc1cc2c3c(c1)C(c1ccccc1)=N[C@@H](NC(=O)c1cccnc1)C(=O)N3CC2,3,NR-AhR,0.3,9,-0.2903431057929992,-2.191081047058105,1.9007379412651064,0.3428318440914154,0.5933186946582152,0.2311445474624633,-0.6178500838577747,1.474371427297592,0.0196078431372549,"4,3,5,7,1,8,19,14,24",True,logit_or_raw
3,Nc1cc2c3c(c1)C(c1ccccc1)=N[C@@H](NC(=O)c1cccnc1)C(=O)N3CC2,4,NR-Aromatase,0.05,2,-2.373610258102417,-2.762668371200561,0.3890581130981445,0.0035439157485961,0.2859472361926349,0.106924295425415,-0.6769258141517639,0.4964237987995145,0.0588235294117647,"4,22",True,logit_or_raw
3,Nc1cc2c3c(c1)C(c1ccccc1)=N[C@@H](NC(=O)c1cccnc1)C(=O)N3CC2,4,NR-Aromatase,0.1,3,-2.373610258102417,-2.921329498291016,0.5477192401885986,0.0382192826271057,0.3335438980779266,0.0972574949264526,-0.771208256483078,0.5894899308681485,0.0588235294117647,"4,22,24",True,logit_or_raw
3,Nc1cc2c3c(c1)C(c1ccccc1)=N[C@@H](NC(=O)c1cccnc1)C(=O)N3CC2,4,NR-Aromatase,0.2,6,-2.373610258102417,-3.337312936782837,0.96370267868042,0.0311703562736511,0.6092783583553503,0.1321452856063842,-1.1606733977794648,1.099348711967468,0.0784313725490196,"4,22,24,28,3,1",True,logit_or_raw
3,Nc1cc2c3c(c1)C(c1ccccc1)=N[C@@H](NC(=O)c1cccnc1)C(=O)N3CC2,4,NR-Aromatase,0.3,9,-2.373610258102417,-4.086452484130859,1.7128422260284424,-0.0371995317935943,0.8981262874624641,0.0157485008239746,-1.510637030005455,1.3640774309635162,0.0392156862745098,"4,22,24,28,3,1,29,7,19",True,logit_or_raw
3,Nc1cc2c3c(c1)C(c1ccccc1)=N[C@@H](NC(=O)c1cccnc1)C(=O)N3CC2,5,NR-ER,0.05,2,-2.502164363861084,-2.582265853881836,0.0801014900207519,0.0174401473999023,0.0377932052757986,0.0086731910705566,-0.0336405217647552,0.0922152996063232,0.0784313725490196,"4,3",True,logit_or_raw
3,Nc1cc2c3c(c1)C(c1ccccc1)=N[C@@H](NC(=O)c1cccnc1)C(=O)N3CC2,5,NR-ER,0.1,3,-2.502164363861084,-2.629739999771118,0.1275756359100341,0.0321902751922607,0.0579962952562708,0.0102894306182861,-0.0183142483234405,0.1849504590034484,0.1176470588235294,"4,3,5",True,logit_or_raw
3,Nc1cc2c3c(c1)C(c1ccccc1)=N[C@@H](NC(=O)c1cccnc1)C(=O)N3CC2,5,NR-ER,0.2,6,-2.502164363861084,-2.790886640548706,0.288722276687622,0.0342857265472412,0.06138022216004,0.0160282850265502,-0.0552129745483398,0.1687622964382171,0.0196078431372549,"4,3,5,7,1,8",True,logit_or_raw
3,Nc1cc2c3c(c1)C(c1ccccc1)=N[C@@H](NC(=O)c1cccnc1)C(=O)N3CC2,5,NR-ER,0.3,9,-2.502164363861084,-2.828238248825073,0.3260738849639892,0.0430685663223266,0.0934991614905888,0.0148292779922485,-0.0513433098793029,0.3106772303581237,0.0392156862745098,"4,3,5,7,1,8,19,24,22",True,logit_or_raw
3,Nc1cc2c3c(c1)C(c1ccccc1)=N[C@@H](NC(=O)c1cccnc1)C(=O)N3CC2,6,NR-ER-LBD,0.05,2,-3.248870849609375,-3.9536540508270255,0.7047832012176514,0.0911028337478637,0.3072606363071475,0.0399372577667236,-0.4020709872245788,0.7521101593971251,0.0588235294117647,"4,3",True,logit_or_raw
3,Nc1cc2c3c(c1)C(c1ccccc1)=N[C@@H](NC(=O)c1cccnc1)C(=O)N3CC2,6,NR-ER-LBD,0.1,3,-3.248870849609375,-4.224438667297363,0.9755678176879884,0.1267739677429199,0.3750801700020816,0.082646369934082,-0.546995860338211,0.8160540223121642,0.0392156862745098,"4,3,5",True,logit_or_raw
3,Nc1cc2c3c(c1)C(c1ccccc1)=N[C@@H](NC(=O)c1cccnc1)C(=O)N3CC2,6,NR-ER-LBD,0.2,6,-3.248870849609375,-4.895754337310791,1.646883487701416,0.1385199975967407,0.5517226954472073,0.0208716392517089,-0.6123963296413422,1.3160698533058164,0.0196078431372549,"4,3,5,7,1,8",True,logit_or_raw
3,Nc1cc2c3c(c1)C(c1ccccc1)=N[C@@H](NC(=O)c1cccnc1)C(=O)N3CC2,6,NR-ER-LBD,0.3,9,-3.248870849609375,-5.053020477294922,1.8041496276855469,0.1151290941238403,0.6192575028800292,0.0399519205093383,-0.9194430887699128,1.364979267120361,0.0196078431372549,"4,3,5,7,1,8,19,24,22",True,logit_or_raw
3,Nc1cc2c3c(c1)C(c1ccccc1)=N[C@@H](NC(=O)c1cccnc1)C(=O)N3CC2,7,SR-ARE,0.05,2,-1.9337245225906368,-2.569295883178711,0.6355713605880737,0.1219787669181823,0.3143805976099594,0.0577521324157714,-0.3497727751731873,0.8260705530643463,0.1176470588235294,"4,3",True,logit_or_raw
3,Nc1cc2c3c(c1)C(c1ccccc1)=N[C@@H](NC(=O)c1cccnc1)C(=O)N3CC2,7,SR-ARE,0.1,3,-1.9337245225906368,-3.290578842163086,1.3568543195724487,0.297614426612854,0.5356532866984248,0.1467999219894409,-0.3375887334346771,1.6837258458137507,0.0784313725490196,"4,3,7",True,logit_or_raw
3,Nc1cc2c3c(c1)C(c1ccccc1)=N[C@@H](NC(=O)c1cccnc1)C(=O)N3CC2,7,SR-ARE,0.2,6,-1.9337245225906368,-3.342129230499268,1.4084047079086304,0.2841575789451599,0.6261057795342022,0.1464101076126098,-0.4646791189908981,1.7525731921195982,0.0784313725490196,"4,3,7,5,1,14",True,logit_or_raw
3,Nc1cc2c3c(c1)C(c1ccccc1)=N[C@@H](NC(=O)c1cccnc1)C(=O)N3CC2,7,SR-ARE,0.3,9,-1.9337245225906368,-3.529603958129883,1.5958794355392456,0.4760211777687073,0.6501551553000675,0.3080335855484009,-0.3595766723155975,1.7026319801807404,0.0980392156862745,"4,3,7,5,1,14,8,19,22",True,logit_or_raw
3,Nc1cc2c3c(c1)C(c1ccccc1)=N[C@@H](NC(=O)c1cccnc1)C(=O)N3CC2,8,SR-HSE,0.05,2,-4.237946510314941,-4.319912433624268,0.0819659233093261,0.0436800384521484,0.100125998543768,0.0165097713470459,-0.0600270152091979,0.3024417400360107,0.2156862745098039,"14,7",True,logit_or_raw
3,Nc1cc2c3c(c1)C(c1ccccc1)=N[C@@H](NC(=O)c1cccnc1)C(=O)N3CC2,8,SR-HSE,0.1,3,-4.237946510314941,-4.374696731567383,0.1367502212524414,0.0539743995666503,0.1206680101854355,0.0450251102447509,-0.1626537442207336,0.3158978939056396,0.1764705882352941,"14,7,4",True,logit_or_raw
3,Nc1cc2c3c(c1)C(c1ccccc1)=N[C@@H](NC(=O)c1cccnc1)C(=O)N3CC2,8,SR-HSE,0.2,6,-4.237946510314941,-4.841312408447266,0.6033658981323242,-0.0097763347625732,0.1953098744654426,0.0084257125854492,-0.4104136824607849,0.3223604917526245,0.0196078431372549,"14,7,4,17,25,3",True,logit_or_raw
3,Nc1cc2c3c(c1)C(c1ccccc1)=N[C@@H](NC(=O)c1cccnc1)C(=O)N3CC2,8,SR-HSE,0.3,9,-4.237946510314941,-4.864924430847168,0.6269779205322266,0.0468154621124267,0.2272633562981806,0.0710673332214355,-0.4252382934093475,0.4465051889419555,0.0196078431372549,"14,7,4,17,25,3,1,22,28",True,logit_or_raw
3,Nc1cc2c3c(c1)C(c1ccccc1)=N[C@@H](NC(=O)c1cccnc1)C(=O)N3CC2,9,SR-MMP,0.05,2,-4.217382431030273,-4.504629611968994,0.2872471809387207,0.0298308181762695,0.1138129085812962,0.0012824535369873,-0.0904664278030395,0.3328408598899841,0.0784313725490196,"4,3",True,logit_or_raw
3,Nc1cc2c3c(c1)C(c1ccccc1)=N[C@@H](NC(=O)c1cccnc1)C(=O)N3CC2,9,SR-MMP,0.1,3,-4.217382431030273,-4.636225700378418,0.4188432693481445,0.0694986915588379,0.143038921032213,0.0167057514190673,-0.1134825468063354,0.359704852104187,0.0392156862745098,"4,3,5",True,logit_or_raw
3,Nc1cc2c3c(c1)C(c1ccccc1)=N[C@@H](NC(=O)c1cccnc1)C(=O)N3CC2,9,SR-MMP,0.2,6,-4.217382431030273,-5.0878005027771,0.8704180717468262,0.1511443138122558,0.1947248484484453,0.124748945236206,-0.0855983853340149,0.6038128972053527,0.0196078431372549,"4,3,5,7,1,8",True,logit_or_raw
3,Nc1cc2c3c(c1)C(c1ccccc1)=N[C@@H](NC(=O)c1cccnc1)C(=O)N3CC2,9,SR-MMP,0.3,9,-4.217382431030273,-5.167637348175049,0.9502549171447754,0.1830004024505615,0.2849843912329798,0.147632360458374,-0.1682073354721069,0.8215983629226683,0.0392156862745098,"4,3,5,7,1,8,14,19,24",True,logit_or_raw
3,Nc1cc2c3c(c1)C(c1ccccc1)=N[C@@H](NC(=O)c1cccnc1)C(=O)N3CC2,10,SR-p53,0.05,2,-3.3006088733673096,-3.808037519454956,0.5074286460876465,0.0091687583923339,0.1981927278392039,0.0008995532989501,-0.3299015760421753,0.4615614414215088,0.0196078431372549,"4,3",True,logit_or_raw
3,Nc1cc2c3c(c1)C(c1ccccc1)=N[C@@H](NC(=O)c1cccnc1)C(=O)N3CC2,10,SR-p53,0.1,3,-3.3006088733673096,-4.2292022705078125,0.9285933971405028,0.111226053237915,0.2915693038829584,0.069556713104248,-0.3154581248760223,0.7918791055679321,0.0196078431372549,"4,3,7",True,logit_or_raw
3,Nc1cc2c3c(c1)C(c1ccccc1)=N[C@@H](NC(=O)c1cccnc1)C(=O)N3CC2,10,SR-p53,0.2,6,-3.3006088733673096,-4.310646057128906,1.010037183761597,0.1415929746627807,0.3993672162913119,0.0708711147308349,-0.4943447053432465,0.9073894023895264,0.0392156862745098,"4,3,7,5,1,14",True,logit_or_raw
3,Nc1cc2c3c(c1)C(c1ccccc1)=N[C@@H](NC(=O)c1cccnc1)C(=O)N3CC2,10,SR-p53,0.3,9,-3.3006088733673096,-4.265686511993408,0.9650776386260986,0.1112315511703491,0.4275936296056772,0.1464608907699585,-0.6758153140544891,0.8991520166397092,0.0392156862745098,"4,3,7,5,1,14,8,19,24",True,logit_or_raw
4,CCCCC(C)C(OC(=O)CC(CC(=O)O)C(=O)O)C(CC(C)CC(O)CCCCC(O)CC(O)C(C)N)OC(=O)CC(CC(=O)O)C(=O)O,0,Ames,0.05,3,-2.81309175491333,-2.876454591751098,0.0633628368377685,-0.0062706327438354,0.0389335867372977,-0.0093560218811035,-0.059106969833374,0.0841448128223419,0.1372549019607843,"37,44,46",True,logit_or_raw
4,CCCCC(C)C(OC(=O)CC(CC(=O)O)C(=O)O)C(CC(C)CC(O)CCCCC(O)CC(O)C(C)N)OC(=O)CC(CC(=O)O)C(=O)O,0,Ames,0.1,5,-2.81309175491333,-2.8957674503326416,0.0826756954193115,-0.019750804901123,0.0384019512611657,-0.0278396606445312,-0.0678370714187622,0.077228444814682,0.0392156862745098,"37,44,46,7,21",True,logit_or_raw
4,CCCCC(C)C(OC(=O)CC(CC(=O)O)C(=O)O)C(CC(C)CC(O)CCCCC(O)CC(O)C(C)N)OC(=O)CC(CC(=O)O)C(=O)O,0,Ames,0.2,10,-2.81309175491333,-2.8334333896636963,0.0203416347503662,-0.0408603906631469,0.0552555486095374,-0.0543093681335449,-0.1177017092704773,0.0648484230041503,0.2352941176470588,"37,44,46,7,21,36,5,4,22,6",True,logit_or_raw
4,CCCCC(C)C(OC(=O)CC(CC(=O)O)C(=O)O)C(CC(C)CC(O)CCCCC(O)CC(O)C(C)N)OC(=O)CC(CC(=O)O)C(=O)O,0,Ames,0.3,15,-2.81309175491333,-2.765461206436157,-0.0476305484771728,-0.0905332612991333,0.0660557561467774,-0.1046122312545776,-0.1860713422298431,0.0455408871173858,0.2352941176470588,"37,44,46,7,21,36,5,4,22,6,23,31,30,32,33",True,logit_or_raw
4,CCCCC(C)C(OC(=O)CC(CC(=O)O)C(=O)O)C(CC(C)CC(O)CCCCC(O)CC(O)C(C)N)OC(=O)CC(CC(=O)O)C(=O)O,1,LD50_Zhu,0.05,3,-1.3069846630096436,-1.432715654373169,0.1257309913635254,-0.085693507194519,0.0848661768232353,-0.0857302546501159,-0.2612615942955017,0.0589646190404891,0.0196078431372549,"37,7,21",True,logit_or_raw
4,CCCCC(C)C(OC(=O)CC(CC(=O)O)C(=O)O)C(CC(C)CC(O)CCCCC(O)CC(O)C(C)N)OC(=O)CC(CC(=O)O)C(=O)O,1,LD50_Zhu,0.1,5,-1.3069846630096436,-1.4611656665802002,0.1541810035705566,-0.1029352664947509,0.1218705941679512,-0.0997601747512817,-0.3677057355642318,0.0887119203805923,0.0392156862745098,"37,7,21,4,6",True,logit_or_raw
4,CCCCC(C)C(OC(=O)CC(CC(=O)O)C(=O)O)C(CC(C)CC(O)CCCCC(O)CC(O)C(C)N)OC(=O)CC(CC(=O)O)C(=O)O,1,LD50_Zhu,0.2,10,-1.3069846630096436,-1.453348994255066,0.1463643312454223,-0.181186249256134,0.1815140468604275,-0.1496696472167968,-0.5490662068128586,0.0891251921653746,0.0392156862745098,"37,7,21,4,6,22,5,23,0,20",True,logit_or_raw
4,CCCCC(C)C(OC(=O)CC(CC(=O)O)C(=O)O)C(CC(C)CC(O)CCCCC(O)CC(O)C(C)N)OC(=O)CC(CC(=O)O)C(=O)O,1,LD50_Zhu,0.3,15,-1.3069846630096436,-1.5456020832061768,0.2386174201965332,-0.3357869458198547,0.190424168796632,-0.3287862539291382,-0.7027725145220757,-0.0485936254262924,0.0196078431372549,"37,7,21,4,6,22,5,23,0,20,36,32,3,26,29",True,logit_or_raw
4,CCCCC(C)C(OC(=O)CC(CC(=O)O)C(=O)O)C(CC(C)CC(O)CCCCC(O)CC(O)C(C)N)OC(=O)CC(CC(=O)O)C(=O)O,2,hERG_Karim,0.05,3,-2.8285484313964844,-2.873439073562622,0.0448906421661376,-0.0034005975723266,0.0241949036397995,-0.000680923461914,-0.0471124291419982,0.0477076411247253,0.0588235294117647,"37,7,35",True,logit_or_raw
4,CCCCC(C)C(OC(=O)CC(CC(=O)O)C(=O)O)C(CC(C)CC(O)CCCCC(O)CC(O)C(C)N)OC(=O)CC(CC(=O)O)C(=O)O,2,hERG_Karim,0.1,5,-2.8285484313964844,-2.8757994174957275,0.0472509860992431,-0.0115926551818847,0.0242885666627317,-0.0083024501800537,-0.065054053068161,0.0368391096591949,0.0392156862745098,"37,7,35,36,6",True,logit_or_raw
4,CCCCC(C)C(OC(=O)CC(CC(=O)O)C(=O)O)C(CC(C)CC(O)CCCCC(O)CC(O)C(C)N)OC(=O)CC(CC(=O)O)C(=O)O,2,hERG_Karim,0.2,10,-2.8285484313964844,-2.885019302368164,0.0564708709716796,-0.0254578876495361,0.0462798483187165,-0.0231891870498657,-0.1106351554393768,0.0502403140068054,0.0392156862745098,"37,7,35,36,6,22,5,0,4,21",True,logit_or_raw
4,CCCCC(C)C(OC(=O)CC(CC(=O)O)C(=O)O)C(CC(C)CC(O)CCCCC(O)CC(O)C(C)N)OC(=O)CC(CC(=O)O)C(=O)O,2,hERG_Karim,0.3,15,-2.8285484313964844,-2.893450260162353,0.0649018287658691,-0.0407544422149658,0.0770484177679138,-0.0212039947509765,-0.2129079401493072,0.0555439352989196,0.0196078431372549,"37,7,35,36,6,22,5,0,4,21,32,23,20,42,1",True,logit_or_raw
4,CCCCC(C)C(OC(=O)CC(CC(=O)O)C(=O)O)C(CC(C)CC(O)CCCCC(O)CC(O)C(C)N)OC(=O)CC(CC(=O)O)C(=O)O,3,NR-AhR,0.05,3,-5.303218841552734,-5.30687952041626,0.0036606788635253,-0.0144483661651611,0.0168692311709594,-0.0129187107086181,-0.0465749979019165,0.0120868563652038,0.1568627450980392,"37,44,46",True,logit_or_raw
4,CCCCC(C)C(OC(=O)CC(CC(=O)O)C(=O)O)C(CC(C)CC(O)CCCCC(O)CC(O)C(C)N)OC(=O)CC(CC(=O)O)C(=O)O,3,NR-AhR,0.1,5,-5.303218841552734,-5.310282230377197,0.0070633888244628,-0.0253872776031494,0.030990983415573,-0.0258564949035644,-0.0974284410476684,0.0307922601699829,0.1568627450980392,"37,44,46,7,6",True,logit_or_raw
4,CCCCC(C)C(OC(=O)CC(CC(=O)O)C(=O)O)C(CC(C)CC(O)CCCCC(O)CC(O)C(C)N)OC(=O)CC(CC(=O)O)C(=O)O,3,NR-AhR,0.2,10,-5.303218841552734,-5.288975715637207,-0.0142431259155273,-0.0695065784454345,0.0453802221674155,-0.0665376186370849,-0.1796262860298156,0.0051966667175292,0.1568627450980392,"37,44,46,7,6,21,23,4,22,5",True,logit_or_raw
4,CCCCC(C)C(OC(=O)CC(CC(=O)O)C(=O)O)C(CC(C)CC(O)CCCCC(O)CC(O)C(C)N)OC(=O)CC(CC(=O)O)C(=O)O,3,NR-AhR,0.3,15,-5.303218841552734,-5.284377098083496,-0.0188417434692382,-0.0994079875946045,0.0603821094806806,-0.0896687507629394,-0.2380249500274658,-0.0175317049026489,0.0784313725490196,"37,44,46,7,6,21,23,4,22,5,20,32,29,26,3",True,logit_or_raw
4,CCCCC(C)C(OC(=O)CC(CC(=O)O)C(=O)O)C(CC(C)CC(O)CCCCC(O)CC(O)C(C)N)OC(=O)CC(CC(=O)O)C(=O)O,4,NR-Aromatase,0.05,3,-4.405275821685791,-4.379205226898193,-0.0260705947875976,-0.0921825551986694,0.1426132954357127,-0.0945866107940673,-0.4182634353637695,0.0969981908798217,0.3725490196078431,"44,24,30",True,logit_or_raw
4,CCCCC(C)C(OC(=O)CC(CC(=O)O)C(=O)O)C(CC(C)CC(O)CCCCC(O)CC(O)C(C)N)OC(=O)CC(CC(=O)O)C(=O)O,4,NR-Aromatase,0.1,5,-4.405275821685791,-4.456542491912842,0.0512666702270507,-0.1806915521621704,0.2636961280060926,-0.0894169807434082,-0.7061702966690063,0.1469531655311584,0.196078431372549,"44,24,30,33,4",True,logit_or_raw
4,CCCCC(C)C(OC(=O)CC(CC(=O)O)C(=O)O)C(CC(C)CC(O)CCCCC(O)CC(O)C(C)N)OC(=O)CC(CC(=O)O)C(=O)O,4,NR-Aromatase,0.2,10,-4.405275821685791,-4.621252059936523,0.2159762382507324,-0.3749696445465088,0.33751208448192,-0.4003441333770752,-0.955243158340454,0.1292411923408508,0.0392156862745098,"44,24,30,33,4,32,21,23,29,3",True,logit_or_raw
4,CCCCC(C)C(OC(=O)CC(CC(=O)O)C(=O)O)C(CC(C)CC(O)CCCCC(O)CC(O)C(C)N)OC(=O)CC(CC(=O)O)C(=O)O,4,NR-Aromatase,0.3,15,-4.405275821685791,-4.764295101165772,0.3590192794799804,-0.5099205589294433,0.3865841691900805,-0.4573599100112915,-1.2805477321147918,0.0812754034996031,0.0196078431372549,"44,24,30,33,4,32,21,23,29,3,28,27,26,2,20",True,logit_or_raw
4,CCCCC(C)C(OC(=O)CC(CC(=O)O)C(=O)O)C(CC(C)CC(O)CCCCC(O)CC(O)C(C)N)OC(=O)CC(CC(=O)O)C(=O)O,5,NR-ER,0.05,3,-2.442180633544922,-2.464015007019043,0.021834373474121,-0.0003135538101196,0.017892459391034,0.0012568235397338,-0.0440356791019439,0.0365469753742217,0.0784313725490196,"44,46,45",True,logit_or_raw
4,CCCCC(C)C(OC(=O)CC(CC(=O)O)C(=O)O)C(CC(C)CC(O)CCCCC(O)CC(O)C(C)N)OC(=O)CC(CC(=O)O)C(=O)O,5,NR-ER,0.1,5,-2.442180633544922,-2.4870171546936035,0.0448365211486816,0.0001973295211791,0.0201443226819192,0.0024325847625732,-0.0511681735515594,0.0313197970390319,0.0196078431372549,"44,46,45,49,31",True,logit_or_raw
4,CCCCC(C)C(OC(=O)CC(CC(=O)O)C(=O)O)C(CC(C)CC(O)CCCCC(O)CC(O)C(C)N)OC(=O)CC(CC(=O)O)C(=O)O,5,NR-ER,0.2,10,-2.442180633544922,-2.532587766647339,0.0904071331024169,-0.0071722984313964,0.033900285709077,-0.006158709526062,-0.058757346868515,0.0545367300510406,0.0196078431372549,"44,46,45,49,31,34,25,48,40,17",True,logit_or_raw
4,CCCCC(C)C(OC(=O)CC(CC(=O)O)C(=O)O)C(CC(C)CC(O)CCCCC(O)CC(O)C(C)N)OC(=O)CC(CC(=O)O)C(=O)O,5,NR-ER,0.3,15,-2.442180633544922,-2.572597026824951,0.1304163932800293,-0.006061406135559,0.038183103603118,-0.0131332874298095,-0.0589300632476806,0.0743140518665313,0.0196078431372549,"44,46,45,49,31,34,25,48,40,17,14,18,9,15,47",True,logit_or_raw
4,CCCCC(C)C(OC(=O)CC(CC(=O)O)C(=O)O)C(CC(C)CC(O)CCCCC(O)CC(O)C(C)N)OC(=O)CC(CC(=O)O)C(=O)O,6,NR-ER-LBD,0.05,3,-4.232660293579102,-4.217197418212891,-0.0154628753662109,-0.0331583595275878,0.0289193544737013,-0.0288057327270507,-0.0988072752952575,0.0099596619606018,0.2745098039215686,"37,44,7",True,logit_or_raw
4,CCCCC(C)C(OC(=O)CC(CC(=O)O)C(=O)O)C(CC(C)CC(O)CCCCC(O)CC(O)C(C)N)OC(=O)CC(CC(=O)O)C(=O)O,6,NR-ER-LBD,0.1,5,-4.232660293579102,-4.243927955627441,0.0112676620483398,-0.0327193260192871,0.0311532155076161,-0.0309534072875976,-0.1024869918823242,0.016359007358551,0.0784313725490196,"37,44,7,21,4",True,logit_or_raw
4,CCCCC(C)C(OC(=O)CC(CC(=O)O)C(=O)O)C(CC(C)CC(O)CCCCC(O)CC(O)C(C)N)OC(=O)CC(CC(=O)O)C(=O)O,6,NR-ER-LBD,0.2,10,-4.232660293579102,-4.234431743621826,0.0017714500427246,-0.0706393814086914,0.0550588080989258,-0.0549132823944091,-0.1828715682029724,-0.0018958330154418,0.0392156862745098,"37,44,7,21,4,6,22,5,23,20",True,logit_or_raw
4,CCCCC(C)C(OC(=O)CC(CC(=O)O)C(=O)O)C(CC(C)CC(O)CCCCC(O)CC(O)C(C)N)OC(=O)CC(CC(=O)O)C(=O)O,6,NR-ER-LBD,0.3,15,-4.232660293579102,-4.25733757019043,0.0246772766113281,-0.1251965570449829,0.0678204302856702,-0.1231405735015869,-0.2635815322399139,-0.0076368927955627,0.0392156862745098,"37,44,7,21,4,6,22,5,23,20,0,3,26,29,32",True,logit_or_raw
4,CCCCC(C)C(OC(=O)CC(CC(=O)O)C(=O)O)C(CC(C)CC(O)CCCCC(O)CC(O)C(C)N)OC(=O)CC(CC(=O)O)C(=O)O,7,SR-ARE,0.05,3,-3.28345274925232,-3.333527088165283,0.0500743389129638,-0.0258901309967041,0.0380775933060911,-0.025639533996582,-0.0873926341533661,0.0433651030063629,0.0392156862745098,"37,44,46",True,logit_or_raw
4,CCCCC(C)C(OC(=O)CC(CC(=O)O)C(=O)O)C(CC(C)CC(O)CCCCC(O)CC(O)C(C)N)OC(=O)CC(CC(=O)O)C(=O)O,7,SR-ARE,0.1,5,-3.28345274925232,-3.318623304367065,0.035170555114746,-0.0363858938217163,0.0535501518948396,-0.0418732166290283,-0.1288574814796447,0.0893052875995635,0.0784313725490196,"37,44,46,45,49",True,logit_or_raw
4,CCCCC(C)C(OC(=O)CC(CC(=O)O)C(=O)O)C(CC(C)CC(O)CCCCC(O)CC(O)C(C)N)OC(=O)CC(CC(=O)O)C(=O)O,7,SR-ARE,0.2,10,-3.28345274925232,-3.400212526321411,0.1167597770690918,-0.1004270935058593,0.0836727729524008,-0.1101119518280029,-0.2528996109962463,0.0688613831996917,0.0196078431372549,"37,44,46,45,49,34,31,48,25,17",True,logit_or_raw
4,CCCCC(C)C(OC(=O)CC(CC(=O)O)C(=O)O)C(CC(C)CC(O)CCCCC(O)CC(O)C(C)N)OC(=O)CC(CC(=O)O)C(=O)O,7,SR-ARE,0.3,15,-3.28345274925232,-3.1192047595977783,-0.164247989654541,-0.1828641557693481,0.0949032200906018,-0.200082778930664,-0.3488006651401519,-0.0181047618389129,0.4509803921568627,"37,44,46,45,49,34,31,48,25,17,26,27,28,29,30",True,logit_or_raw
4,CCCCC(C)C(OC(=O)CC(CC(=O)O)C(=O)O)C(CC(C)CC(O)CCCCC(O)CC(O)C(C)N)OC(=O)CC(CC(=O)O)C(=O)O,8,SR-HSE,0.05,3,-4.269301414489746,-4.165529727935791,-0.103771686553955,-0.0559504699707031,0.0750428218639503,-0.0495936870574951,-0.218277084827423,0.0481006979942321,0.7254901960784313,"37,44,7",True,logit_or_raw
4,CCCCC(C)C(OC(=O)CC(CC(=O)O)C(=O)O)C(CC(C)CC(O)CCCCC(O)CC(O)C(C)N)OC(=O)CC(CC(=O)O)C(=O)O,8,SR-HSE,0.1,5,-4.269301414489746,-4.238185405731201,-0.0311160087585449,-0.1452007532119751,0.1376002019758681,-0.1042749881744384,-0.433599716424942,0.0417232513427734,0.196078431372549,"37,44,7,4,21",True,logit_or_raw
4,CCCCC(C)C(OC(=O)CC(CC(=O)O)C(=O)O)C(CC(C)CC(O)CCCCC(O)CC(O)C(C)N)OC(=O)CC(CC(=O)O)C(=O)O,8,SR-HSE,0.2,10,-4.269301414489746,-4.276095390319824,0.0067939758300781,-0.2022571039199829,0.1469837513372396,-0.1739933490753173,-0.4993220150470733,0.0346882581710814,0.0588235294117647,"37,44,7,4,21,6,23,22,20,5",True,logit_or_raw
4,CCCCC(C)C(OC(=O)CC(CC(=O)O)C(=O)O)C(CC(C)CC(O)CCCCC(O)CC(O)C(C)N)OC(=O)CC(CC(=O)O)C(=O)O,8,SR-HSE,0.3,15,-4.269301414489746,-4.369219779968262,0.0999183654785156,-0.3029479169845581,0.228907459807613,-0.3239152431488037,-0.6914450407028199,0.0166731238365173,0.0196078431372549,"37,44,7,4,21,6,23,22,20,5,0,32,3,26,29",True,logit_or_raw
4,CCCCC(C)C(OC(=O)CC(CC(=O)O)C(=O)O)C(CC(C)CC(O)CCCCC(O)CC(O)C(C)N)OC(=O)CC(CC(=O)O)C(=O)O,9,SR-MMP,0.05,3,-5.1393818855285645,-5.139985084533691,0.0006031990051269,-0.034553747177124,0.0398439431337259,-0.0235528945922851,-0.1134716153144836,0.0162259101867675,0.2549019607843137,"44,24,30",True,logit_or_raw
4,CCCCC(C)C(OC(=O)CC(CC(=O)O)C(=O)O)C(CC(C)CC(O)CCCCC(O)CC(O)C(C)N)OC(=O)CC(CC(=O)O)C(=O)O,9,SR-MMP,0.1,5,-5.1393818855285645,-5.157500267028809,0.0181183815002441,-0.0278317737579345,0.0456912916956038,-0.0209763050079345,-0.1229536175727844,0.0303662061691284,0.1372549019607843,"44,24,30,33,28",True,logit_or_raw
4,CCCCC(C)C(OC(=O)CC(CC(=O)O)C(=O)O)C(CC(C)CC(O)CCCCC(O)CC(O)C(C)N)OC(=O)CC(CC(=O)O)C(=O)O,9,SR-MMP,0.2,10,-5.1393818855285645,-5.187161445617676,0.0477795600891113,-0.0793508625030517,0.079457570870226,-0.0677118301391601,-0.2388368964195251,0.0326220154762267,0.0196078431372549,"44,24,30,33,28,27,4,32,29,3",True,logit_or_raw
4,CCCCC(C)C(OC(=O)CC(CC(=O)O)C(=O)O)C(CC(C)CC(O)CCCCC(O)CC(O)C(C)N)OC(=O)CC(CC(=O)O)C(=O)O,9,SR-MMP,0.3,15,-5.1393818855285645,-5.199387550354004,0.0600056648254394,-0.1014910507202148,0.1066011608697632,-0.0807619094848632,-0.3317124366760254,0.0286252498626708,0.0196078431372549,"44,24,30,33,28,27,4,32,29,3,2,1,26,23,21",True,logit_or_raw
4,CCCCC(C)C(OC(=O)CC(CC(=O)O)C(=O)O)C(CC(C)CC(O)CCCCC(O)CC(O)C(C)N)OC(=O)CC(CC(=O)O)C(=O)O,10,SR-p53,0.05,3,-3.710314512252808,-3.7144935131073,0.0041790008544921,-0.0116533374786376,0.0144484616326414,-0.0127053260803222,-0.036781495809555,0.0182815551757812,0.1764705882352941,"37,44,46",True,logit_or_raw
4,CCCCC(C)C(OC(=O)CC(CC(=O)O)C(=O)O)C(CC(C)CC(O)CCCCC(O)CC(O)C(C)N)OC(=O)CC(CC(=O)O)C(=O)O,10,SR-p53,0.1,5,-3.710314512252808,-3.727425336837769,0.0171108245849609,-0.0197299623489379,0.0237320162345179,-0.0214836597442626,-0.0580115675926208,0.0248485624790191,0.0980392156862745,"37,44,46,45,49",True,logit_or_raw
4,CCCCC(C)C(OC(=O)CC(CC(=O)O)C(=O)O)C(CC(C)CC(O)CCCCC(O)CC(O)C(C)N)OC(=O)CC(CC(=O)O)C(=O)O,10,SR-p53,0.2,10,-3.710314512252808,-3.939260721206665,0.2289462089538574,-0.0350163269042968,0.0434840354747112,-0.0339717864990234,-0.1137757539749145,0.0523463129997253,0.0196078431372549,"37,44,46,45,49,34,31,48,25,17",True,logit_or_raw
4,CCCCC(C)C(OC(=O)CC(CC(=O)O)C(=O)O)C(CC(C)CC(O)CCCCC(O)CC(O)C(C)N)OC(=O)CC(CC(=O)O)C(=O)O,10,SR-p53,0.3,15,-3.710314512252808,-4.266687393188477,0.556372880935669,-0.0793214178085327,0.0595920907072936,-0.0742371082305908,-0.187209141254425,0.0359674394130706,0.0196078431372549,"37,44,46,45,49,34,31,48,25,17,14,40,18,9,15",True,logit_or_raw
5,O=C1COc2ccc(CNC3CCN(CCn4c(=O)ccc5ncc(Oc6ccon6)cc54)CC3F)nc2N1,0,Ames,0.05,2,-1.4064346551895142,-1.7168747186660769,0.3104400634765625,0.0245363712310791,0.0451654515928654,0.0118890404701232,-0.029445070028305,0.1545140027999877,0.0196078431372549,"18,9",True,logit_or_raw
5,O=C1COc2ccc(CNC3CCN(CCn4c(=O)ccc5ncc(Oc6ccon6)cc54)CC3F)nc2N1,0,Ames,0.1,4,-1.4064346551895142,-1.8298105001449585,0.4233758449554443,0.0268133783340454,0.0635840190479641,0.0199569463729858,-0.04703089594841,0.1724888145923614,0.0196078431372549,"18,9,0,22",True,logit_or_raw
5,O=C1COc2ccc(CNC3CCN(CCn4c(=O)ccc5ncc(Oc6ccon6)cc54)CC3F)nc2N1,0,Ames,0.2,8,-1.4064346551895142,-1.8533281087875368,0.4468934535980224,0.0657211709022522,0.133442899928307,0.0169922709465026,-0.0853419810533523,0.3515189379453659,0.0196078431372549,"18,9,0,22,36,38,29,30",True,logit_or_raw
5,O=C1COc2ccc(CNC3CCN(CCn4c(=O)ccc5ncc(Oc6ccon6)cc54)CC3F)nc2N1,0,Ames,0.3,12,-1.4064346551895142,-1.8779319524765012,0.4714972972869873,0.0768603134155273,0.1517270089742105,0.066371202468872,-0.1801139950752258,0.3762707263231277,0.0196078431372549,"18,9,0,22,36,38,29,30,3,37,21,32",True,logit_or_raw
5,O=C1COc2ccc(CNC3CCN(CCn4c(=O)ccc5ncc(Oc6ccon6)cc54)CC3F)nc2N1,1,LD50_Zhu,0.05,2,1.509132981300354,1.3244976997375488,0.1846352815628051,-0.0114016103744506,0.0816195823290982,-0.0297228097915649,-0.1438776016235351,0.1696547299623489,0.0392156862745098,"35,21",True,logit_or_raw
5,O=C1COc2ccc(CNC3CCN(CCn4c(=O)ccc5ncc(Oc6ccon6)cc54)CC3F)nc2N1,1,LD50_Zhu,0.1,4,1.509132981300354,1.3323270082473757,0.1768059730529785,-0.0093271350860595,0.0911229084555113,-0.0154849290847778,-0.1987491220235824,0.1757150173187254,0.0588235294117647,"35,21,32,12",True,logit_or_raw
5,O=C1COc2ccc(CNC3CCN(CCn4c(=O)ccc5ncc(Oc6ccon6)cc54)CC3F)nc2N1,1,LD50_Zhu,0.2,8,1.509132981300354,1.1226415634155271,0.3864914178848266,0.0058431601524353,0.124543652357197,0.0183238387107849,-0.1974008053541183,0.2720483779907226,0.0392156862745098,"35,21,32,12,33,37,29,34",True,logit_or_raw
5,O=C1COc2ccc(CNC3CCN(CCn4c(=O)ccc5ncc(Oc6ccon6)cc54)CC3F)nc2N1,1,LD50_Zhu,0.3,12,1.509132981300354,0.9651561379432678,0.5439768433570862,-0.0797629594802856,0.2766839617824382,-0.0392730832099914,-0.806995177268982,0.2189127564430236,0.0196078431372549,"35,21,32,12,33,37,29,34,4,30,1,10",True,logit_or_raw
5,O=C1COc2ccc(CNC3CCN(CCn4c(=O)ccc5ncc(Oc6ccon6)cc54)CC3F)nc2N1,2,hERG_Karim,0.05,2,0.2848459780216217,0.521723747253418,-0.2368777692317962,-0.033530069887638,0.1233435352472094,0.0083818286657333,-0.3292675569653511,0.1017430491745471,0.8823529411764706,"35,13",True,logit_or_raw
5,O=C1COc2ccc(CNC3CCN(CCn4c(=O)ccc5ncc(Oc6ccon6)cc54)CC3F)nc2N1,2,hERG_Karim,0.1,4,0.2848459780216217,0.3459043800830841,-0.0610584020614624,-0.0876246178150177,0.2328146279501196,-0.0204541385173797,-0.6211587399244308,0.1551101479679346,0.5882352941176471,"35,13,32,21",True,logit_or_raw
5,O=C1COc2ccc(CNC3CCN(CCn4c(=O)ccc5ncc(Oc6ccon6)cc54)CC3F)nc2N1,2,hERG_Karim,0.2,8,0.2848459780216217,0.1519147902727127,0.132931187748909,-0.2290715157985687,0.2932436347873534,-0.1883469223976135,-0.9462607115507126,0.1763638144358991,0.0588235294117647,"35,13,32,21,37,10,17,11",True,logit_or_raw
5,O=C1COc2ccc(CNC3CCN(CCn4c(=O)ccc5ncc(Oc6ccon6)cc54)CC3F)nc2N1,2,hERG_Karim,0.3,12,0.2848459780216217,0.0869807600975036,0.197865217924118,-0.2347746073291637,0.3693524779929286,-0.1088448464870452,-1.1092842429876328,0.2719445565511704,0.0980392156862745,"35,13,32,21,37,10,17,11,34,1,7,23",True,logit_or_raw
5,O=C1COc2ccc(CNC3CCN(CCn4c(=O)ccc5ncc(Oc6ccon6)cc54)CC3F)nc2N1,3,NR-AhR,0.05,2,-3.134418249130249,-3.360761880874634,0.2263436317443847,-0.0185372495651245,0.1638805867677344,-0.0366793870925903,-0.3662121534347534,0.2810378491878508,0.0784313725490196,"35,32",True,logit_or_raw
5,O=C1COc2ccc(CNC3CCN(CCn4c(=O)ccc5ncc(Oc6ccon6)cc54)CC3F)nc2N1,3,NR-AhR,0.1,4,-3.134418249130249,-3.5743651390075684,0.4399468898773193,-0.0525756216049194,0.2099329735954731,-0.0590665340423584,-0.4714591681957245,0.2763821184635162,0.0196078431372549,"35,32,21,37",True,logit_or_raw
5,O=C1COc2ccc(CNC3CCN(CCn4c(=O)ccc5ncc(Oc6ccon6)cc54)CC3F)nc2N1,3,NR-AhR,0.2,8,-3.134418249130249,-3.522994041442871,0.388575792312622,-0.082889552116394,0.2930824405436025,-0.0443842411041259,-0.5506491541862488,0.3301873624324798,0.0196078431372549,"35,32,21,37,12,33,34,10",True,logit_or_raw
5,O=C1COc2ccc(CNC3CCN(CCn4c(=O)ccc5ncc(Oc6ccon6)cc54)CC3F)nc2N1,3,NR-AhR,0.3,12,-3.134418249130249,-3.683889865875244,0.5494716167449951,-0.1857704710960388,0.4599772163217016,-0.0738451480865478,-1.5367189198732376,0.3659419655799865,0.0196078431372549,"35,32,21,37,12,33,34,10,11,4,1,17",True,logit_or_raw
5,O=C1COc2ccc(CNC3CCN(CCn4c(=O)ccc5ncc(Oc6ccon6)cc54)CC3F)nc2N1,4,NR-Aromatase,0.05,2,-4.243997097015381,-4.2667012214660645,0.0227041244506835,-0.0509170484542846,0.2071414847822147,-0.0017516613006591,-0.5092903554439545,0.2401159524917602,0.4705882352941176,"35,12",True,logit_or_raw
5,O=C1COc2ccc(CNC3CCN(CCn4c(=O)ccc5ncc(Oc6ccon6)cc54)CC3F)nc2N1,4,NR-Aromatase,0.1,4,-4.243997097015381,-4.364302635192871,0.1203055381774902,-0.1798539638519287,0.2927519411239894,-0.1768343448638916,-0.6936910450458527,0.251361870765686,0.196078431372549,"35,12,33,32",True,logit_or_raw
5,O=C1COc2ccc(CNC3CCN(CCn4c(=O)ccc5ncc(Oc6ccon6)cc54)CC3F)nc2N1,4,NR-Aromatase,0.2,8,-4.243997097015381,-4.679787635803223,0.4357905387878418,-0.2372972226142883,0.4945519479498102,-0.1701252460479736,-1.288301694393158,0.3855086565017699,0.0196078431372549,"35,12,33,32,21,34,37,10",True,logit_or_raw
5,O=C1COc2ccc(CNC3CCN(CCn4c(=O)ccc5ncc(Oc6ccon6)cc54)CC3F)nc2N1,4,NR-Aromatase,0.3,12,-4.243997097015381,-4.848574161529541,0.6045770645141602,-0.3385014677047729,0.902862601604716,-0.0253248214721679,-2.814086079597473,0.5193001389503479,0.0196078431372549,"35,12,33,32,21,34,37,10,11,1,17,4",True,logit_or_raw
5,O=C1COc2ccc(CNC3CCN(CCn4c(=O)ccc5ncc(Oc6ccon6)cc54)CC3F)nc2N1,5,NR-ER,0.05,2,-3.229428768157959,-3.180826187133789,-0.0486025810241699,-0.0019883966445922,0.0106668482862528,0.0001779794692993,-0.030245691537857,0.012077659368515,1.0,"13,0",True,logit_or_raw
5,O=C1COc2ccc(CNC3CCN(CCn4c(=O)ccc5ncc(Oc6ccon6)cc54)CC3F)nc2N1,5,NR-ER,0.1,4,-3.229428768157959,-3.167923927307129,-0.06150484085083,-0.0055853557586669,0.0169389643345855,-0.0032899379730224,-0.0513228237628936,0.0137785851955413,0.9803921568627452,"13,0,36,4",True,logit_or_raw
5,O=C1COc2ccc(CNC3CCN(CCn4c(=O)ccc5ncc(Oc6ccon6)cc54)CC3F)nc2N1,5,NR-ER,0.2,8,-3.229428768157959,-3.0781307220458984,-0.1512980461120605,-0.027471752166748,0.0454663082338872,-0.0117579698562622,-0.1261229932308197,0.0192219972610473,0.9803921568627452,"13,0,36,4,20,18,31,5",True,logit_or_raw
5,O=C1COc2ccc(CNC3CCN(CCn4c(=O)ccc5ncc(Oc6ccon6)cc54)CC3F)nc2N1,5,NR-ER,0.3,12,-3.229428768157959,-3.122513771057129,-0.10691499710083,-0.0454813957214355,0.0518446967285982,-0.03220796585083,-0.1489376485347747,0.0095351159572601,0.803921568627451,"13,0,36,4,20,18,31,5,32,37,22,9",True,logit_or_raw
5,O=C1COc2ccc(CNC3CCN(CCn4c(=O)ccc5ncc(Oc6ccon6)cc54)CC3F)nc2N1,6,NR-ER-LBD,0.05,2,-5.1689066886901855,-5.295793533325195,0.1268868446350097,-0.0325248527526855,0.1251223596984329,0.0010504722595214,-0.3905103802680969,0.1211841702461242,0.0392156862745098,"35,32",True,logit_or_raw
5,O=C1COc2ccc(CNC3CCN(CCn4c(=O)ccc5ncc(Oc6ccon6)cc54)CC3F)nc2N1,6,NR-ER-LBD,0.1,4,-5.1689066886901855,-5.392187118530273,0.2232804298400879,-0.072169485092163,0.1481304900041404,-0.030329942703247,-0.4218095183372498,0.1224621653556823,0.0196078431372549,"35,32,21,37",True,logit_or_raw
5,O=C1COc2ccc(CNC3CCN(CCn4c(=O)ccc5ncc(Oc6ccon6)cc54)CC3F)nc2N1,6,NR-ER-LBD,0.2,8,-5.1689066886901855,-5.420200824737549,0.2512941360473633,-0.1477346420288086,0.2533055554291567,-0.0870106220245361,-0.7859265327453613,0.1650873661041259,0.0196078431372549,"35,32,21,37,4,1,10,34",True,logit_or_raw
5,O=C1COc2ccc(CNC3CCN(CCn4c(=O)ccc5ncc(Oc6ccon6)cc54)CC3F)nc2N1,6,NR-ER-LBD,0.3,12,-5.1689066886901855,-5.474277019500732,0.3053703308105469,-0.1954569339752197,0.3114812742609307,-0.0968232154846191,-0.8306043386459351,0.1555820941925048,0.0196078431372549,"35,32,21,37,4,1,10,34,17,7,11,26",True,logit_or_raw
5,O=C1COc2ccc(CNC3CCN(CCn4c(=O)ccc5ncc(Oc6ccon6)cc54)CC3F)nc2N1,7,SR-ARE,0.05,2,-1.4592033624649048,-1.5203447341918943,0.0611413717269897,-0.0513604021072387,0.1367275948418373,-0.0345293283462524,-0.3614865183830261,0.1311435490846633,0.2549019607843137,"35,34",True,logit_or_raw
5,O=C1COc2ccc(CNC3CCN(CCn4c(=O)ccc5ncc(Oc6ccon6)cc54)CC3F)nc2N1,7,SR-ARE,0.1,4,-1.4592033624649048,-1.5212287902832031,0.0620254278182983,-0.1212703907489776,0.2231895312003537,-0.0969161391258239,-0.5648630276322365,0.2151873081922531,0.2352941176470588,"35,34,11,12",True,logit_or_raw
5,O=C1COc2ccc(CNC3CCN(CCn4c(=O)ccc5ncc(Oc6ccon6)cc54)CC3F)nc2N1,7,SR-ARE,0.2,8,-1.4592033624649048,-1.6894081830978394,0.2302048206329345,-0.2652420675754547,0.5440170286687911,-0.1460554599761963,-2.051539608836174,0.2999998211860656,0.1372549019607843,"35,34,11,12,10,33,32,21",True,logit_or_raw
5,O=C1COc2ccc(CNC3CCN(CCn4c(=O)ccc5ncc(Oc6ccon6)cc54)CC3F)nc2N1,7,SR-ARE,0.3,12,-1.4592033624649048,-1.9380738735198972,0.4788705110549927,-0.5525054734945297,0.8040740120036463,-0.3067710399627685,-2.552980826795101,0.3198239862918853,0.0196078431372549,"35,34,11,12,10,33,32,21,1,17,37,7",True,logit_or_raw
5,O=C1COc2ccc(CNC3CCN(CCn4c(=O)ccc5ncc(Oc6ccon6)cc54)CC3F)nc2N1,8,SR-HSE,0.05,2,-5.12295389175415,-5.188018321990967,0.0650644302368164,-0.0162192440032959,0.0567192864424816,-0.0053725242614746,-0.1612153053283691,0.0609925031661987,0.0196078431372549,"35,32",True,logit_or_raw
5,O=C1COc2ccc(CNC3CCN(CCn4c(=O)ccc5ncc(Oc6ccon6)cc54)CC3F)nc2N1,8,SR-HSE,0.1,4,-5.12295389175415,-5.2405500411987305,0.11759614944458,-0.0291023921966552,0.0664175971485855,-0.0238726139068603,-0.1704719543457031,0.0751472830772399,0.0196078431372549,"35,32,21,37",True,logit_or_raw
5,O=C1COc2ccc(CNC3CCN(CCn4c(=O)ccc5ncc(Oc6ccon6)cc54)CC3F)nc2N1,8,SR-HSE,0.2,8,-5.12295389175415,-5.275516510009766,0.1525626182556152,-0.0906342458724975,0.2230706623233925,-0.040513277053833,-0.7284944295883178,0.1067522287368774,0.0196078431372549,"35,32,21,37,4,1,17,10",True,logit_or_raw
5,O=C1COc2ccc(CNC3CCN(CCn4c(=O)ccc5ncc(Oc6ccon6)cc54)CC3F)nc2N1,8,SR-HSE,0.3,12,-5.12295389175415,-5.285160541534424,0.1622066497802734,-0.199844946861267,0.3672359229229144,-0.0815961360931396,-1.4536445796489716,0.0965136408805846,0.0196078431372549,"35,32,21,37,4,1,17,10,7,23,34,26",True,logit_or_raw
5,O=C1COc2ccc(CNC3CCN(CCn4c(=O)ccc5ncc(Oc6ccon6)cc54)CC3F)nc2N1,9,SR-MMP,0.05,2,-3.713379144668579,-3.77856707572937,0.065187931060791,-0.0734389543533325,0.1520792017887866,-0.0265980958938598,-0.3989844977855682,0.1106769323348998,0.2156862745098039,"35,34",True,logit_or_raw
5,O=C1COc2ccc(CNC3CCN(CCn4c(=O)ccc5ncc(Oc6ccon6)cc54)CC3F)nc2N1,9,SR-MMP,0.1,4,-3.713379144668579,-3.782589912414551,0.0692107677459716,-0.0721475458145141,0.2030691255753788,-0.0221585035324096,-0.4777735114097595,0.2200607597827911,0.3529411764705882,"35,34,11,10",True,logit_or_raw
5,O=C1COc2ccc(CNC3CCN(CCn4c(=O)ccc5ncc(Oc6ccon6)cc54)CC3F)nc2N1,9,SR-MMP,0.2,8,-3.713379144668579,-3.989729404449463,0.2763502597808838,-0.0733673429489135,0.319763768259376,-0.0525137186050415,-0.6393271863460541,0.4466579914093017,0.1764705882352941,"35,34,11,10,12,33,32,21",True,logit_or_raw
5,O=C1COc2ccc(CNC3CCN(CCn4c(=O)ccc5ncc(Oc6ccon6)cc54)CC3F)nc2N1,9,SR-MMP,0.3,12,-3.713379144668579,-4.395640850067139,0.6822617053985596,-0.1859027576446533,0.3748055086056105,-0.2210711240768432,-0.7272261440753937,0.5033266782760619,0.0196078431372549,"35,34,11,10,12,33,32,21,17,1,37,7",True,logit_or_raw
5,O=C1COc2ccc(CNC3CCN(CCn4c(=O)ccc5ncc(Oc6ccon6)cc54)CC3F)nc2N1,10,SR-p53,0.05,2,-4.943532466888428,-4.836696147918701,-0.1068363189697265,-0.0012717723846435,0.0630722488812963,0.0128891468048095,-0.1972462058067321,0.0908794403076171,0.9411764705882352,"13,32",True,logit_or_raw
5,O=C1COc2ccc(CNC3CCN(CCn4c(=O)ccc5ncc(Oc6ccon6)cc54)CC3F)nc2N1,10,SR-p53,0.1,4,-4.943532466888428,-4.942295551300049,-0.0012369155883789,-0.0802721977233886,0.1529736330775905,-0.0341136455535888,-0.4571544528007507,0.0880377769470214,0.3137254901960784,"13,32,37,21",True,logit_or_raw
5,O=C1COc2ccc(CNC3CCN(CCn4c(=O)ccc5ncc(Oc6ccon6)cc54)CC3F)nc2N1,10,SR-p53,0.2,8,-4.943532466888428,-4.964476585388184,0.0209441184997558,-0.1426511287689209,0.2197143977844166,-0.0764131546020507,-0.5313361048698425,0.1176066637039184,0.3137254901960784,"13,32,37,21,4,35,36,22",True,logit_or_raw
5,O=C1COc2ccc(CNC3CCN(CCn4c(=O)ccc5ncc(Oc6ccon6)cc54)CC3F)nc2N1,10,SR-p53,0.3,12,-4.943532466888428,-4.483199596405029,-0.4603328704833984,-0.5239165472984314,0.8382870408144625,-0.1986377239227295,-2.715631049871445,0.0927888870239257,0.6862745098039216,"13,32,37,21,4,35,36,22,29,20,0,18",True,logit_or_raw
6,O=C1CC(c2cccc(Br)c2)C(=O)N1,0,Ames,0.05,1,-0.7448762655258179,-1.183236002922058,0.4383597373962402,0.1142250889539718,0.2242380297809761,0.0992966592311859,-0.5016837317496539,0.4383598297834396,0.0784313725490196,3,True,logit_or_raw
6,O=C1CC(c2cccc(Br)c2)C(=O)N1,0,Ames,0.1,2,-0.7448762655258179,-1.458638310432434,0.7137620449066162,0.3076870030164718,0.3600492104655244,0.2551776766777038,-0.3138743169605732,1.037538170814514,0.1568627450980392,"3,4",True,logit_or_raw
6,O=C1CC(c2cccc(Br)c2)C(=O)N1,0,Ames,0.2,3,-0.7448762655258179,-1.7428804636001587,0.9980041980743408,0.5237725013494492,0.4513394950760195,0.5057517290115356,-0.2621794566512108,1.292551964521408,0.2156862745098039,"3,4,11",True,logit_or_raw
6,O=C1CC(c2cccc(Br)c2)C(=O)N1,0,Ames,0.3,5,-0.7448762655258179,-2.3217082023620605,1.576831936836243,0.6885508787631989,0.5124438233551838,0.6393433213233948,-0.1543453633785247,1.5108419239521025,0.0196078431372549,"3,4,11,8,1",True,logit_or_raw
6,O=C1CC(c2cccc(Br)c2)C(=O)N1,1,LD50_Zhu,0.05,1,-0.1521643102169037,-0.2072707414627075,0.0551064312458038,0.0361095902323722,0.0366792643580092,0.0295644104480743,0.0066611588001251,0.1399766288697719,0.1372549019607843,3,True,logit_or_raw
6,O=C1CC(c2cccc(Br)c2)C(=O)N1,1,LD50_Zhu,0.1,2,-0.1521643102169037,-0.2429429292678833,0.0907786190509796,0.0838710403442382,0.0642758980185637,0.0845532119274139,-0.0056222569197416,0.2276487097144126,0.4509803921568627,"3,4",True,logit_or_raw
6,O=C1CC(c2cccc(Br)c2)C(=O)N1,1,LD50_Zhu,0.2,3,-0.1521643102169037,-0.3991291224956512,0.2469648122787475,0.1486766098439693,0.1062519797210258,0.1245644092559814,-0.0167044818401336,0.3881298780441284,0.2549019607843137,"3,4,11",True,logit_or_raw
6,O=C1CC(c2cccc(Br)c2)C(=O)N1,1,LD50_Zhu,0.3,5,-0.1521643102169037,-0.9503907561302184,0.7982264459133148,0.2483217260241508,0.1837485224543772,0.2515303343534469,-0.0022518284618854,0.6345830261707305,0.0196078431372549,"3,4,11,9,1",True,logit_or_raw
6,O=C1CC(c2cccc(Br)c2)C(=O)N1,2,hERG_Karim,0.05,1,-2.4057066440582275,-2.4786951541900635,0.0729885101318359,-0.0107223916053771,0.1780464899508043,0.0708992481231689,-0.4101136922836303,0.1273214817047119,0.4509803921568627,11,True,logit_or_raw
6,O=C1CC(c2cccc(Br)c2)C(=O)N1,2,hERG_Karim,0.1,2,-2.4057066440582275,-2.5804014205932617,0.1746947765350341,-0.0337999868392944,0.2156558346612636,0.0897114276885986,-0.3688471913337707,0.2047691345214843,0.1568627450980392,"11,8",True,logit_or_raw
6,O=C1CC(c2cccc(Br)c2)C(=O)N1,2,hERG_Karim,0.2,3,-2.4057066440582275,-2.66663146018982,0.2609248161315918,-0.0269985437393188,0.2401990006217309,-0.0700417757034301,-0.5840293169021606,0.3032947182655334,0.1568627450980392,"11,8,3",True,logit_or_raw
6,O=C1CC(c2cccc(Br)c2)C(=O)N1,2,hERG_Karim,0.3,5,-2.4057066440582275,-2.800745964050293,0.3950393199920654,-0.0607150483131408,0.3663193469814597,-0.011650800704956,-0.7930036395788193,0.3928343534469604,0.0392156862745098,"11,8,3,6,1",True,logit_or_raw
6,O=C1CC(c2cccc(Br)c2)C(=O)N1,3,NR-AhR,0.05,1,0.2094358801841735,-0.2270766198635101,0.4365125000476837,0.1087688668374903,0.2848357321739972,0.2277368903160095,-0.5098717212677002,0.5443529814481736,0.0784313725490196,3,True,logit_or_raw
6,O=C1CC(c2cccc(Br)c2)C(=O)N1,3,NR-AhR,0.1,2,0.2094358801841735,-0.5693575143814087,0.7787933945655823,0.4053995574079454,0.4425756645296011,0.4541788101196289,-0.3984102725982666,1.1066297620534895,0.2352941176470588,"3,11",True,logit_or_raw
6,O=C1CC(c2cccc(Br)c2)C(=O)N1,3,NR-AhR,0.2,3,0.2094358801841735,-1.0270586013793943,1.236494481563568,0.384955738093704,0.5119011864840309,0.2596755931153893,-0.2443631783127784,1.3019940525293348,0.0588235294117647,"3,11,4",True,logit_or_raw
6,O=C1CC(c2cccc(Br)c2)C(=O)N1,3,NR-AhR,0.3,5,0.2094358801841735,-1.677604079246521,1.8870399594306944,0.575314294025302,0.5428800618112537,0.4691070765256881,-0.0093796130269765,1.7765362262725826,0.0392156862745098,"3,11,4,8,1",True,logit_or_raw
6,O=C1CC(c2cccc(Br)c2)C(=O)N1,4,NR-Aromatase,0.05,1,-2.586386203765869,-2.83737587928772,0.2509896755218506,0.0572093343734741,0.2805035407523032,0.1864658594131469,-0.4487502574920654,0.4299116134643554,0.0980392156862745,6,True,logit_or_raw
6,O=C1CC(c2cccc(Br)c2)C(=O)N1,4,NR-Aromatase,0.1,2,-2.586386203765869,-3.22633695602417,0.6399507522583008,0.1284245920181274,0.44476946503787,0.3027348518371582,-0.4894651353359222,0.7867335200309751,0.1176470588235294,"6,11",True,logit_or_raw
6,O=C1CC(c2cccc(Br)c2)C(=O)N1,4,NR-Aromatase,0.2,3,-2.586386203765869,-3.6950137615203857,1.1086275577545166,0.1994133281707763,0.6305639237418903,-0.127602219581604,-0.4860572278499603,1.395136260986328,0.1372549019607843,"6,11,8",True,logit_or_raw
6,O=C1CC(c2cccc(Br)c2)C(=O)N1,4,NR-Aromatase,0.3,5,-2.586386203765869,-4.504173755645752,1.9177875518798828,0.19493905544281,0.7812834415253233,-0.0607587099075317,-0.5672348260879516,1.9507174253463744,0.0588235294117647,"6,11,8,1,7",True,logit_or_raw
6,O=C1CC(c2cccc(Br)c2)C(=O)N1,5,NR-ER,0.05,1,-2.6101057529449463,-2.657190561294556,0.0470848083496093,-0.0008442783355712,0.05279291913287,0.0275486707687377,-0.0681655406951904,0.0761408805847168,0.1176470588235294,6,True,logit_or_raw
6,O=C1CC(c2cccc(Br)c2)C(=O)N1,5,NR-ER,0.1,2,-2.6101057529449463,-2.7439205646514893,0.1338148117065429,0.0329894304275512,0.0811630360678718,0.0550705194473266,-0.0812171638011932,0.1725214898586272,0.0588235294117647,"6,11",True,logit_or_raw
6,O=C1CC(c2cccc(Br)c2)C(=O)N1,5,NR-ER,0.2,3,-2.6101057529449463,-2.8556902408599854,0.245584487915039,0.0534883117675781,0.1139220341531181,0.0044732093811035,-0.0742962598800659,0.2845932781696319,0.0980392156862745,"6,11,8",True,logit_or_raw
6,O=C1CC(c2cccc(Br)c2)C(=O)N1,5,NR-ER,0.3,5,-2.6101057529449463,-2.8747026920318604,0.264596939086914,0.070737509727478,0.155632163994209,0.0262703895568847,-0.0986630201339721,0.4043408393859863,0.196078431372549,"6,11,8,7,5",True,logit_or_raw
6,O=C1CC(c2cccc(Br)c2)C(=O)N1,6,NR-ER-LBD,0.05,1,-3.860646724700928,-4.0406928062438965,0.1800460815429687,0.0359202194213867,0.1261011354423122,0.0549592971801757,-0.2207868099212646,0.192170238494873,0.1568627450980392,3,True,logit_or_raw
6,O=C1CC(c2cccc(Br)c2)C(=O)N1,6,NR-ER-LBD,0.1,2,-3.860646724700928,-4.207269191741943,0.3466224670410156,0.1654423761367797,0.1866719577869831,0.2181441783905029,-0.148498648405075,0.4909000039100646,0.1764705882352941,"3,4",True,logit_or_raw
6,O=C1CC(c2cccc(Br)c2)C(=O)N1,6,NR-ER-LBD,0.2,3,-3.860646724700928,-4.429677963256836,0.5690312385559082,0.2290185737609863,0.2352910074199697,0.2773005962371826,-0.1585157632827758,0.5546490669250488,0.0392156862745098,"3,4,11",True,logit_or_raw
6,O=C1CC(c2cccc(Br)c2)C(=O)N1,6,NR-ER-LBD,0.3,5,-3.860646724700928,-4.696083545684815,0.8354368209838867,0.260428729057312,0.2810037160098699,0.1462855339050293,-0.0432882249355316,0.8524050116539001,0.0784313725490196,"3,4,11,8,6",True,logit_or_raw
6,O=C1CC(c2cccc(Br)c2)C(=O)N1,7,SR-ARE,0.05,1,0.121896281838417,-0.1336265206336975,0.2555228024721145,0.108071959875524,0.2573600193375657,0.1888691410422325,-0.5472905352711678,0.4197466157376766,0.2156862745098039,11,True,logit_or_raw
6,O=C1CC(c2cccc(Br)c2)C(=O)N1,7,SR-ARE,0.1,2,0.121896281838417,-0.451494038105011,0.573390319943428,0.2657481314241886,0.4639813425070372,0.3853342533111572,-0.9191803529858588,0.8463013410568236,0.2549019607843137,"11,3",True,logit_or_raw
6,O=C1CC(c2cccc(Br)c2)C(=O)N1,7,SR-ARE,0.2,3,0.121896281838417,-1.0363078117370603,1.1582040935754776,0.114872264303267,0.6555727389892185,-0.022401712834835,-1.026501488685608,1.2688729941844938,0.0588235294117647,"11,3,1",True,logit_or_raw
6,O=C1CC(c2cccc(Br)c2)C(=O)N1,7,SR-ARE,0.3,5,0.121896281838417,-1.336883544921875,1.458779826760292,0.1223893574625253,0.6919416740405512,0.1513248207047581,-0.9582406967878342,1.3848693698644636,0.0196078431372549,"11,3,1,4,8",True,logit_or_raw
6,O=C1CC(c2cccc(Br)c2)C(=O)N1,8,SR-HSE,0.05,1,-3.121532201766968,-3.5606815814971924,0.4391493797302246,0.1407604646682739,0.3017335658161237,0.1884360313415527,-0.5776938319206237,0.59332275390625,0.0980392156862745,3,True,logit_or_raw
6,O=C1CC(c2cccc(Br)c2)C(=O)N1,8,SR-HSE,0.1,2,-3.121532201766968,-3.886577844619751,0.7650456428527832,0.2814354228973388,0.4329397805121026,0.3174134492874145,-0.3996654391288757,0.982945203781128,0.1568627450980392,"3,11",True,logit_or_raw
6,O=C1CC(c2cccc(Br)c2)C(=O)N1,8,SR-HSE,0.2,3,-3.121532201766968,-4.281516551971436,1.1599843502044678,0.3932217454910278,0.5415878378488461,0.396480917930603,-0.4550435423851013,1.3273923158645629,0.1372549019607843,"3,11,4",True,logit_or_raw
6,O=C1CC(c2cccc(Br)c2)C(=O)N1,8,SR-HSE,0.3,5,-3.121532201766968,-4.841935157775879,1.7204029560089111,0.3886125230789184,0.5781845115775169,0.2985959053039551,-0.627719247341156,1.5635015249252315,0.0196078431372549,"3,11,4,1,8",True,logit_or_raw
6,O=C1CC(c2cccc(Br)c2)C(=O)N1,9,SR-MMP,0.05,1,0.0364767052233219,-0.6883343458175659,0.7248110510408878,0.2514763395488262,0.780362184384325,0.4487926848232746,-1.5415110848844051,1.2406380839645863,0.2352941176470588,11,True,logit_or_raw
6,O=C1CC(c2cccc(Br)c2)C(=O)N1,9,SR-MMP,0.1,2,0.0364767052233219,-1.6399000883102417,1.6763767935335636,-0.0070958869159221,1.4767417409809942,-0.422649722546339,-2.749138017743826,2.5935751952230923,0.1372549019607843,"11,3",True,logit_or_raw
6,O=C1CC(c2cccc(Br)c2)C(=O)N1,9,SR-MMP,0.2,3,0.0364767052233219,-3.745670080184937,3.7821467854082575,0.4934705425612628,1.8286684825693984,0.1483328938484192,-3.128930183500052,3.3802144803106784,0.0196078431372549,"11,3,1",True,logit_or_raw
6,O=C1CC(c2cccc(Br)c2)C(=O)N1,9,SR-MMP,0.3,5,0.0364767052233219,-4.759458541870117,4.795935247093439,-0.302314848601818,2.5214046266112824,0.2026341818273067,-3.5765589915215967,4.080208114534615,0.0196078431372549,"11,3,1,4,8",True,logit_or_raw
6,O=C1CC(c2cccc(Br)c2)C(=O)N1,10,SR-p53,0.05,1,-1.4670346975326538,-2.320165634155273,0.8531309366226196,0.2439686411619186,0.6816750354466954,0.3620551228523254,-1.1070465974509716,1.1870899856090549,0.1568627450980392,3,True,logit_or_raw
6,O=C1CC(c2cccc(Br)c2)C(=O)N1,10,SR-p53,0.1,2,-1.4670346975326538,-2.954190731048584,1.4871560335159302,0.6306202578544616,1.0373771218161376,0.7458983659744263,-0.960701247304678,2.2526431322097777,0.2352941176470588,"3,11",True,logit_or_raw
6,O=C1CC(c2cccc(Br)c2)C(=O)N1,10,SR-p53,0.2,3,-1.4670346975326538,-3.642211675643921,2.175176978111267,0.5308375054597855,1.4104857893153877,0.6850889921188354,-1.9832025066018104,2.477716588973999,0.1764705882352941,"3,11,4",True,logit_or_raw
6,O=C1CC(c2cccc(Br)c2)C(=O)N1,10,SR-p53,0.3,5,-1.4670346975326538,-4.167650699615479,2.7006160020828247,0.1381990128755569,1.5905069346762712,0.383563220500946,-2.3589829593896865,2.611110818386078,0.0392156862745098,"3,11,4,1,9",True,logit_or_raw
7,Fc1cc(-c2cccc3ncc(-c4cnn(C5CCNCC5)c4)nc23)cc(F)c1CN1CCOCC1,0,Ames,0.05,2,-1.5895230770111084,-1.5663198232650757,-0.0232032537460327,-0.0111739373207092,0.0556373003636604,-0.0052552223205566,-0.1270655542612075,0.0739768832921981,0.6666666666666666,"19,31",True,logit_or_raw
7,Fc1cc(-c2cccc3ncc(-c4cnn(C5CCNCC5)c4)nc23)cc(F)c1CN1CCOCC1,0,Ames,0.1,4,-1.5895230770111084,-1.6208326816558838,0.0313096046447753,-0.1032569122314453,0.3986756049334591,-0.024744689464569,-1.4853104293346404,0.0806000769138336,0.2156862745098039,"19,31,35,24",True,logit_or_raw
7,Fc1cc(-c2cccc3ncc(-c4cnn(C5CCNCC5)c4)nc23)cc(F)c1CN1CCOCC1,0,Ames,0.2,8,-1.5895230770111084,-1.6858031749725342,0.0962800979614257,-0.1552219694852828,0.533200662072469,-0.0237444639205932,-2.187381624430418,0.1306737720966339,0.0980392156862745,"19,31,35,24,8,33,27,4",True,logit_or_raw
7,Fc1cc(-c2cccc3ncc(-c4cnn(C5CCNCC5)c4)nc23)cc(F)c1CN1CCOCC1,0,Ames,0.3,11,-1.5895230770111084,-1.7738372087478638,0.1843141317367553,-0.382592358738184,0.8000926908260411,-0.0312106609344482,-2.3927773728966715,0.0990898072719573,0.0196078431372549,"19,31,35,24,8,33,27,4,12,14,3",True,logit_or_raw
7,Fc1cc(-c2cccc3ncc(-c4cnn(C5CCNCC5)c4)nc23)cc(F)c1CN1CCOCC1,1,LD50_Zhu,0.05,2,1.0726548433303833,1.0494047403335571,0.0232501029968261,0.0080931138992309,0.0255445816666386,0.006830871105194,-0.0336021840572357,0.0606689691543579,0.2352941176470588,"19,27",True,logit_or_raw
7,Fc1cc(-c2cccc3ncc(-c4cnn(C5CCNCC5)c4)nc23)cc(F)c1CN1CCOCC1,1,LD50_Zhu,0.1,4,1.0726548433303833,0.9955701231956482,0.0770847201347351,0.0312107814848423,0.1424522931252765,0.0103130936622619,-0.0404470562934875,0.1464462250471114,0.1176470588235294,"19,27,24,0",True,logit_or_raw
7,Fc1cc(-c2cccc3ncc(-c4cnn(C5CCNCC5)c4)nc23)cc(F)c1CN1CCOCC1,1,LD50_Zhu,0.2,8,1.0726548433303833,0.893701434135437,0.1789534091949463,0.0403368650376796,0.1520757869610718,0.0167685151100158,-0.0578709363937377,0.1906767353415489,0.0588235294117647,"19,27,24,0,8,11,4,12",True,logit_or_raw
7,Fc1cc(-c2cccc3ncc(-c4cnn(C5CCNCC5)c4)nc23)cc(F)c1CN1CCOCC1,1,LD50_Zhu,0.3,11,1.0726548433303833,0.8227236866950989,0.2499311566352844,0.1514086694363504,0.3569782893400599,0.0226823091506958,-0.0679544389247894,1.1246106495149433,0.1568627450980392,"19,27,24,0,8,11,4,12,3,35,31",True,logit_or_raw
7,Fc1cc(-c2cccc3ncc(-c4cnn(C5CCNCC5)c4)nc23)cc(F)c1CN1CCOCC1,2,hERG_Karim,0.05,2,1.144810676574707,1.0641685724258425,0.0806421041488647,-0.0403037822246551,0.1574927670778025,0.0035258531570434,-0.3347570031881332,0.1704077899456024,0.2941176470588235,"0,27",True,logit_or_raw
7,Fc1cc(-c2cccc3ncc(-c4cnn(C5CCNCC5)c4)nc23)cc(F)c1CN1CCOCC1,2,hERG_Karim,0.1,4,1.144810676574707,0.9521385431289672,0.1926721334457397,-0.0899457347393035,0.2568935172724087,-0.155125617980957,-0.3990248203277587,0.4464324250817297,0.1372549019607843,"0,27,1,28",True,logit_or_raw
7,Fc1cc(-c2cccc3ncc(-c4cnn(C5CCNCC5)c4)nc23)cc(F)c1CN1CCOCC1,2,hERG_Karim,0.2,8,1.144810676574707,0.3843430280685425,0.7604676485061646,-0.1203532707691192,0.2999280666551652,-0.1915995478630066,-0.5025167971849441,0.5316649556159972,0.0392156862745098,"0,27,1,28,24,11,8,26",True,logit_or_raw
7,Fc1cc(-c2cccc3ncc(-c4cnn(C5CCNCC5)c4)nc23)cc(F)c1CN1CCOCC1,2,hERG_Karim,0.3,11,1.144810676574707,0.1041774749755859,1.040633201599121,-0.161304292678833,0.3704881063481112,-0.2853935360908508,-0.5776720613241195,0.689226470142603,0.0196078431372549,"0,27,1,28,24,11,8,26,21,12,10",True,logit_or_raw
7,Fc1cc(-c2cccc3ncc(-c4cnn(C5CCNCC5)c4)nc23)cc(F)c1CN1CCOCC1,3,NR-AhR,0.05,2,-4.272618293762207,-4.507259368896484,0.2346410751342773,-0.009811840057373,0.0879669334533162,-0.006509780883789,-0.1613376259803772,0.1516325950622558,0.0196078431372549,"19,31",True,logit_or_raw
7,Fc1cc(-c2cccc3ncc(-c4cnn(C5CCNCC5)c4)nc23)cc(F)c1CN1CCOCC1,3,NR-AhR,0.1,4,-4.272618293762207,-4.585929870605469,0.3133115768432617,0.015088996887207,0.1215796339632761,0.0038933753967285,-0.1958153128623962,0.2524819493293761,0.0392156862745098,"19,31,35,33",True,logit_or_raw
7,Fc1cc(-c2cccc3ncc(-c4cnn(C5CCNCC5)c4)nc23)cc(F)c1CN1CCOCC1,3,NR-AhR,0.2,8,-4.272618293762207,-4.777015686035156,0.5043973922729492,0.0842904138565063,0.1459720259335891,0.0718944072723388,-0.1455921530723571,0.3314697384834289,0.0196078431372549,"19,31,35,33,24,8,14,4",True,logit_or_raw
7,Fc1cc(-c2cccc3ncc(-c4cnn(C5CCNCC5)c4)nc23)cc(F)c1CN1CCOCC1,3,NR-AhR,0.3,11,-4.272618293762207,-4.747115135192871,0.474496841430664,0.0727490806579589,0.2285133471100439,0.1119985580444336,-0.5730582714080811,0.3276073217391967,0.0196078431372549,"19,31,35,33,24,8,14,4,15,29,12",True,logit_or_raw
7,Fc1cc(-c2cccc3ncc(-c4cnn(C5CCNCC5)c4)nc23)cc(F)c1CN1CCOCC1,4,NR-Aromatase,0.05,2,-4.292802333831787,-4.157650947570801,-0.1351513862609863,-0.0256410312652587,0.0558682853978044,-0.0426268577575683,-0.1171316981315612,0.062356686592102,0.9803921568627452,"31,35",True,logit_or_raw
7,Fc1cc(-c2cccc3ncc(-c4cnn(C5CCNCC5)c4)nc23)cc(F)c1CN1CCOCC1,4,NR-Aromatase,0.1,4,-4.292802333831787,-4.363082408905029,0.0702800750732421,-0.0143768692016601,0.0646200013511548,0.0042231082916259,-0.1273650050163269,0.0727081775665283,0.0588235294117647,"31,35,19,24",True,logit_or_raw
7,Fc1cc(-c2cccc3ncc(-c4cnn(C5CCNCC5)c4)nc23)cc(F)c1CN1CCOCC1,4,NR-Aromatase,0.2,8,-4.292802333831787,-4.482447624206543,0.1896452903747558,-0.0255353927612304,0.2632720858354107,0.022953987121582,-0.1618339896202087,0.1817254900932312,0.0392156862745098,"31,35,19,24,27,8,0,4",True,logit_or_raw
7,Fc1cc(-c2cccc3ncc(-c4cnn(C5CCNCC5)c4)nc23)cc(F)c1CN1CCOCC1,4,NR-Aromatase,0.3,11,-4.292802333831787,-4.468392372131348,0.1755900382995605,-0.1537761306762695,0.5583500427891245,0.0142745971679687,-1.8309614479541776,0.204526937007904,0.0784313725490196,"31,35,19,24,27,8,0,4,29,33,11",True,logit_or_raw
7,Fc1cc(-c2cccc3ncc(-c4cnn(C5CCNCC5)c4)nc23)cc(F)c1CN1CCOCC1,5,NR-ER,0.05,2,-3.118790626525879,-3.0938973426818848,-0.0248932838439941,-0.0058873558044433,0.020926794809407,-0.0043807029724121,-0.0559259235858917,0.0244377076625823,0.8823529411764706,"30,26",True,logit_or_raw
7,Fc1cc(-c2cccc3ncc(-c4cnn(C5CCNCC5)c4)nc23)cc(F)c1CN1CCOCC1,5,NR-ER,0.1,4,-3.118790626525879,-3.082301616668701,-0.0364890098571777,-0.0108135795593261,0.0298862076135684,-0.006432294845581,-0.0801218807697296,0.0258184254169464,0.8627450980392157,"30,26,27,0",True,logit_or_raw
7,Fc1cc(-c2cccc3ncc(-c4cnn(C5CCNCC5)c4)nc23)cc(F)c1CN1CCOCC1,5,NR-ER,0.2,8,-3.118790626525879,-3.105971336364746,-0.0128192901611328,-0.0357853460311889,0.0379115477579007,-0.0302515029907226,-0.1016673803329467,0.0186346054077148,0.392156862745098,"30,26,27,0,28,1,25,11",True,logit_or_raw
7,Fc1cc(-c2cccc3ncc(-c4cnn(C5CCNCC5)c4)nc23)cc(F)c1CN1CCOCC1,5,NR-ER,0.3,11,-3.118790626525879,-3.12006950378418,0.0012788772583007,-0.0478762054443359,0.0427080262798777,-0.0586469173431396,-0.131114113330841,0.0345333456993102,0.1568627450980392,"30,26,27,0,28,1,25,11,10,22,2",True,logit_or_raw
7,Fc1cc(-c2cccc3ncc(-c4cnn(C5CCNCC5)c4)nc23)cc(F)c1CN1CCOCC1,6,NR-ER-LBD,0.05,2,-5.0518012046813965,-5.066216945648193,0.0144157409667968,-0.0215747833251953,0.0329036810993897,-0.0190680027008056,-0.0690156817436218,0.0351374745368957,0.1372549019607843,"27,0",True,logit_or_raw
7,Fc1cc(-c2cccc3ncc(-c4cnn(C5CCNCC5)c4)nc23)cc(F)c1CN1CCOCC1,6,NR-ER-LBD,0.1,4,-5.0518012046813965,-5.11821985244751,0.0664186477661132,-0.0252084159851074,0.0406555492259951,-0.0246317386627197,-0.0926999926567077,0.0486974239349365,0.0196078431372549,"27,0,24,8",True,logit_or_raw
7,Fc1cc(-c2cccc3ncc(-c4cnn(C5CCNCC5)c4)nc23)cc(F)c1CN1CCOCC1,6,NR-ER-LBD,0.2,8,-5.0518012046813965,-5.158649444580078,0.1068482398986816,-0.0417237186431884,0.0641499840375984,-0.0448040962219238,-0.1416323661804199,0.0746063590049743,0.0196078431372549,"27,0,24,8,11,28,12,4",True,logit_or_raw
7,Fc1cc(-c2cccc3ncc(-c4cnn(C5CCNCC5)c4)nc23)cc(F)c1CN1CCOCC1,6,NR-ER-LBD,0.3,11,-5.0518012046813965,-5.1613969802856445,0.109595775604248,-0.0397773551940918,0.0593383507712326,-0.0344927310943603,-0.1505257725715637,0.0606237769126891,0.0196078431372549,"27,0,24,8,11,28,12,4,26,1,10",True,logit_or_raw
7,Fc1cc(-c2cccc3ncc(-c4cnn(C5CCNCC5)c4)nc23)cc(F)c1CN1CCOCC1,7,SR-ARE,0.05,2,-1.7708361148834229,-1.8508156538009644,0.0799795389175415,-0.0272933006286621,0.0974359714120702,-0.0220273733139038,-0.1914888501167297,0.1257440716028213,0.1764705882352941,"0,27",True,logit_or_raw
7,Fc1cc(-c2cccc3ncc(-c4cnn(C5CCNCC5)c4)nc23)cc(F)c1CN1CCOCC1,7,SR-ARE,0.1,4,-1.7708361148834229,-1.6582520008087158,-0.112584114074707,-0.1784282231330871,0.6239969773405518,-0.0783083438873291,-2.4735683143138885,0.2176338881254196,0.6862745098039216,"0,27,31,35",True,logit_or_raw
7,Fc1cc(-c2cccc3ncc(-c4cnn(C5CCNCC5)c4)nc23)cc(F)c1CN1CCOCC1,7,SR-ARE,0.2,8,-1.7708361148834229,-2.064926862716675,0.2940907478332519,-0.2555210995674133,0.753404188077877,-0.0951671004295349,-3.1499748289585114,0.1238430380821228,0.0196078431372549,"0,27,31,35,24,8,19,11",True,logit_or_raw
7,Fc1cc(-c2cccc3ncc(-c4cnn(C5CCNCC5)c4)nc23)cc(F)c1CN1CCOCC1,7,SR-ARE,0.3,11,-1.7708361148834229,-2.1461260318756104,0.3752899169921875,-0.1751536393165588,0.6874609395913389,-0.0121390223503112,-2.7825756877660752,0.2575817048549652,0.0196078431372549,"0,27,31,35,24,8,19,11,4,29,12",True,logit_or_raw
7,Fc1cc(-c2cccc3ncc(-c4cnn(C5CCNCC5)c4)nc23)cc(F)c1CN1CCOCC1,8,SR-HSE,0.05,2,-4.839073657989502,-4.842920303344727,0.0038466453552246,-0.0210035133361816,0.0432428125975908,-0.0367181301116943,-0.0869555711746215,0.0602573752403259,0.3137254901960784,"19,35",True,logit_or_raw
7,Fc1cc(-c2cccc3ncc(-c4cnn(C5CCNCC5)c4)nc23)cc(F)c1CN1CCOCC1,8,SR-HSE,0.1,4,-4.839073657989502,-4.871628761291504,0.0325551033020019,-0.0228483963012695,0.0499110997173317,-0.027693748474121,-0.0999594926834106,0.0724276065826416,0.1568627450980392,"19,35,31,24",True,logit_or_raw
7,Fc1cc(-c2cccc3ncc(-c4cnn(C5CCNCC5)c4)nc23)cc(F)c1CN1CCOCC1,8,SR-HSE,0.2,8,-4.839073657989502,-4.95937967300415,0.1203060150146484,-0.0362924194335937,0.0634278116014452,-0.0417861938476562,-0.1278905749320983,0.0892356872558593,0.0392156862745098,"19,35,31,24,27,0,8,4",True,logit_or_raw
7,Fc1cc(-c2cccc3ncc(-c4cnn(C5CCNCC5)c4)nc23)cc(F)c1CN1CCOCC1,8,SR-HSE,0.3,11,-4.839073657989502,-5.002245903015137,0.1631722450256347,-0.1391602754592895,0.4192402317109938,-0.0377922058105468,-1.6875525891780854,0.1302220225334166,0.0392156862745098,"19,35,31,24,27,0,8,4,11,29,12",True,logit_or_raw
7,Fc1cc(-c2cccc3ncc(-c4cnn(C5CCNCC5)c4)nc23)cc(F)c1CN1CCOCC1,9,SR-MMP,0.05,2,-3.865423440933228,-3.945884943008423,0.0804615020751953,-0.0611444187164306,0.0882519500995854,-0.0567860603332519,-0.2364163815975189,0.1139970183372497,0.0784313725490196,"27,0",True,logit_or_raw
7,Fc1cc(-c2cccc3ncc(-c4cnn(C5CCNCC5)c4)nc23)cc(F)c1CN1CCOCC1,9,SR-MMP,0.1,4,-3.865423440933228,-3.9387385845184326,0.073315143585205,-0.1545344471931457,0.356317107515635,-0.1107876300811767,-1.2229851126670837,0.124741905927658,0.1372549019607843,"27,0,24,35",True,logit_or_raw
7,Fc1cc(-c2cccc3ncc(-c4cnn(C5CCNCC5)c4)nc23)cc(F)c1CN1CCOCC1,9,SR-MMP,0.2,8,-3.865423440933228,-4.100917816162109,0.2354943752288818,-0.1712252712249755,0.3938135384766089,-0.134863018989563,-1.4862892150878904,0.2078633904457092,0.0392156862745098,"27,0,24,35,31,8,11,28",True,logit_or_raw
7,Fc1cc(-c2cccc3ncc(-c4cnn(C5CCNCC5)c4)nc23)cc(F)c1CN1CCOCC1,9,SR-MMP,0.3,11,-3.865423440933228,-4.17039680480957,0.3049733638763428,-0.1615789532661438,0.4481607199572615,-0.0782884359359741,-1.7340351164340972,0.2949506998062133,0.0392156862745098,"27,0,24,35,31,8,11,28,21,29,4",True,logit_or_raw
7,Fc1cc(-c2cccc3ncc(-c4cnn(C5CCNCC5)c4)nc23)cc(F)c1CN1CCOCC1,10,SR-p53,0.05,2,-4.559016704559326,-4.598817348480225,0.0398006439208984,-0.014771032333374,0.1650008391891754,0.0381255149841308,-0.4059955358505249,0.2153976321220398,0.4901960784313725,"0,27",True,logit_or_raw
7,Fc1cc(-c2cccc3ncc(-c4cnn(C5CCNCC5)c4)nc23)cc(F)c1CN1CCOCC1,10,SR-p53,0.1,4,-4.559016704559326,-4.820922374725342,0.2619056701660156,-0.0428837299346923,0.1888673654457678,-0.0305767059326171,-0.3773673415184021,0.2521243333816528,0.0392156862745098,"0,27,24,8",True,logit_or_raw
7,Fc1cc(-c2cccc3ncc(-c4cnn(C5CCNCC5)c4)nc23)cc(F)c1CN1CCOCC1,10,SR-p53,0.2,8,-4.559016704559326,-4.9293742179870605,0.3703575134277344,-0.1573889636993408,0.3724364896539365,-0.0963656902313232,-1.2042846560478209,0.2602834939956664,0.0196078431372549,"0,27,24,8,11,28,1,12",True,logit_or_raw
7,Fc1cc(-c2cccc3ncc(-c4cnn(C5CCNCC5)c4)nc23)cc(F)c1CN1CCOCC1,10,SR-p53,0.3,11,-4.559016704559326,-4.959807395935059,0.4007906913757324,-0.2597853803634644,0.3960377798501874,-0.2613048553466797,-1.2078034222126006,0.3022833943367003,0.0196078431372549,"0,27,24,8,11,28,1,12,4,26,3",True,logit_or_raw
8,O=C1COc2ccc(CNC34CCC(CC5(O)Cn6c(=O)c(F)cc7ncc(F)c5c76)(CC3)OC4)nc2N1,0,Ames,0.05,2,-0.2175824791193008,-0.5349844694137573,0.3174019902944565,-0.0831340204365551,0.228334406568859,-0.0796339511871337,-0.7498573184013366,0.192645289003849,0.0196078431372549,"16,20",True,logit_or_raw
8,O=C1COc2ccc(CNC34CCC(CC5(O)Cn6c(=O)c(F)cc7ncc(F)c5c76)(CC3)OC4)nc2N1,0,Ames,0.1,4,-0.2175824791193008,-0.5070245862007141,0.2894421070814132,-0.0764160145074129,0.3418554816591068,-0.0017862021923065,-0.9143986120820046,0.3127436101436615,0.1372549019607843,"16,20,0,33",True,logit_or_raw
8,O=C1COc2ccc(CNC34CCC(CC5(O)Cn6c(=O)c(F)cc7ncc(F)c5c76)(CC3)OC4)nc2N1,0,Ames,0.2,8,-0.2175824791193008,-0.4547339677810669,0.237151488661766,-0.0938509909808635,0.3669790949840967,-0.0331500247120857,-0.9017390206456184,0.3256223648786545,0.2549019607843137,"16,20,0,33,37,25,35,3",True,logit_or_raw
8,O=C1COc2ccc(CNC34CCC(CC5(O)Cn6c(=O)c(F)cc7ncc(F)c5c76)(CC3)OC4)nc2N1,0,Ames,0.3,12,-0.2175824791193008,-0.4533399939537048,0.235757514834404,-0.2188429890014231,0.4029016048278654,-0.1757068373262882,-0.9728517472743988,0.3241336971521377,0.196078431372549,"16,20,0,33,37,25,35,3,18,2,17,24",True,logit_or_raw
8,O=C1COc2ccc(CNC34CCC(CC5(O)Cn6c(=O)c(F)cc7ncc(F)c5c76)(CC3)OC4)nc2N1,1,LD50_Zhu,0.05,2,1.1981748342514038,0.7379801869392395,0.4601946473121643,0.0514256811141967,0.1358202312030359,0.0136580467224121,-0.0625702202320099,0.4988207355141634,0.0588235294117647,"10,30",True,logit_or_raw
8,O=C1COc2ccc(CNC34CCC(CC5(O)Cn6c(=O)c(F)cc7ncc(F)c5c76)(CC3)OC4)nc2N1,1,LD50_Zhu,0.1,4,1.1981748342514038,0.5448343753814697,0.6533404588699341,0.1183655536174774,0.2197155910313156,0.0025215744972229,-0.0653092175722122,0.5921154364943504,0.0196078431372549,"10,30,9,22",True,logit_or_raw
8,O=C1COc2ccc(CNC34CCC(CC5(O)Cn6c(=O)c(F)cc7ncc(F)c5c76)(CC3)OC4)nc2N1,1,LD50_Zhu,0.2,8,1.1981748342514038,0.2792293429374695,0.9189454913139344,0.0734316158294677,0.2086419337162667,-0.0091685652732849,-0.1546301513910293,0.5805631011724471,0.0196078431372549,"10,30,9,22,36,28,24,29",True,logit_or_raw
8,O=C1COc2ccc(CNC34CCC(CC5(O)Cn6c(=O)c(F)cc7ncc(F)c5c76)(CC3)OC4)nc2N1,1,LD50_Zhu,0.3,12,1.1981748342514038,0.1321426182985305,1.0660322159528732,0.2026976490020752,0.257451479978324,0.1790710091590881,-0.123286896944046,0.6440655782818794,0.0196078431372549,"10,30,9,22,36,28,24,29,11,32,1,4",True,logit_or_raw
8,O=C1COc2ccc(CNC34CCC(CC5(O)Cn6c(=O)c(F)cc7ncc(F)c5c76)(CC3)OC4)nc2N1,2,hERG_Karim,0.05,2,1.7421504259109497,1.065589427947998,0.6765609979629517,0.1115459805727005,0.4862056391035591,0.0941909551620483,-0.6692026436328888,1.3251249708235262,0.1176470588235294,"10,32",True,logit_or_raw
8,O=C1COc2ccc(CNC34CCC(CC5(O)Cn6c(=O)c(F)cc7ncc(F)c5c76)(CC3)OC4)nc2N1,2,hERG_Karim,0.1,4,1.7421504259109497,0.953710913658142,0.7884395122528076,0.2519858360290527,0.6195785912248067,0.219878613948822,-0.8400027573108673,1.356426641345024,0.2156862745098039,"10,32,11,22",True,logit_or_raw
8,O=C1COc2ccc(CNC34CCC(CC5(O)Cn6c(=O)c(F)cc7ncc(F)c5c76)(CC3)OC4)nc2N1,2,hERG_Karim,0.2,8,1.7421504259109497,0.5637754797935486,1.1783749461174011,0.3968360903486609,0.7629980576359435,0.2993270754814148,-1.0021160066127777,1.5672574684023854,0.2352941176470588,"10,32,11,22,28,34,26,19",True,logit_or_raw
8,O=C1COc2ccc(CNC34CCC(CC5(O)Cn6c(=O)c(F)cc7ncc(F)c5c76)(CC3)OC4)nc2N1,2,hERG_Karim,0.3,12,1.7421504259109497,0.255475252866745,1.4866751730442047,0.7066575131565332,0.7897509169944085,0.8346835076808929,-1.0413983821868895,1.8391423432156444,0.1568627450980392,"10,32,11,22,28,34,26,19,1,14,30,7",True,logit_or_raw
8,O=C1COc2ccc(CNC34CCC(CC5(O)Cn6c(=O)c(F)cc7ncc(F)c5c76)(CC3)OC4)nc2N1,3,NR-AhR,0.05,2,-4.484496593475342,-4.763889312744141,0.2793927192687988,0.0420586776733398,0.0809358370003896,0.0328509807586669,-0.0961037755012512,0.2025318384170531,0.0196078431372549,"10,30",True,logit_or_raw
8,O=C1COc2ccc(CNC34CCC(CC5(O)Cn6c(=O)c(F)cc7ncc(F)c5c76)(CC3)OC4)nc2N1,3,NR-AhR,0.1,4,-4.484496593475342,-4.906629085540772,0.4221324920654297,0.0508602333068847,0.1102161022849417,0.0576136112213134,-0.1432254910469055,0.2575186133384703,0.0196078431372549,"10,30,36,24",True,logit_or_raw
8,O=C1COc2ccc(CNC34CCC(CC5(O)Cn6c(=O)c(F)cc7ncc(F)c5c76)(CC3)OC4)nc2N1,3,NR-AhR,0.2,8,-4.484496593475342,-4.947164058685303,0.4626674652099609,0.1317899322509765,0.1336149919235335,0.1164095401763916,-0.1183811068534851,0.3488956570625305,0.0196078431372549,"10,30,36,24,22,28,29,11",True,logit_or_raw
8,O=C1COc2ccc(CNC34CCC(CC5(O)Cn6c(=O)c(F)cc7ncc(F)c5c76)(CC3)OC4)nc2N1,3,NR-AhR,0.3,12,-4.484496593475342,-5.029103755950928,0.5446071624755859,0.1153327751159667,0.1590443278190684,0.0967800617218017,-0.1178043365478515,0.419389259815216,0.0196078431372549,"10,30,36,24,22,28,29,11,32,1,4,19",True,logit_or_raw
8,O=C1COc2ccc(CNC34CCC(CC5(O)Cn6c(=O)c(F)cc7ncc(F)c5c76)(CC3)OC4)nc2N1,4,NR-Aromatase,0.05,2,-2.99655818939209,-3.3949239253997803,0.3983657360076904,0.0182243824005126,0.1625262481398316,0.0250836610794067,-0.2747148871421814,0.2443015456199646,0.0196078431372549,"10,30",True,logit_or_raw
8,O=C1COc2ccc(CNC34CCC(CC5(O)Cn6c(=O)c(F)cc7ncc(F)c5c76)(CC3)OC4)nc2N1,4,NR-Aromatase,0.1,4,-2.99655818939209,-3.410227060317993,0.4136688709259033,-0.0628057861328125,0.3157193951742525,0.0050058364868164,-0.6734532296657563,0.3956595718860626,0.0196078431372549,"10,30,11,22",True,logit_or_raw
8,O=C1COc2ccc(CNC34CCC(CC5(O)Cn6c(=O)c(F)cc7ncc(F)c5c76)(CC3)OC4)nc2N1,4,NR-Aromatase,0.2,8,-2.99655818939209,-3.514081716537476,0.5175235271453857,0.0326970338821411,0.3065161175379734,-0.0099775791168212,-0.5735792875289917,0.5120599150657653,0.0392156862745098,"10,30,11,22,24,28,36,32",True,logit_or_raw
8,O=C1COc2ccc(CNC34CCC(CC5(O)Cn6c(=O)c(F)cc7ncc(F)c5c76)(CC3)OC4)nc2N1,4,NR-Aromatase,0.3,12,-2.99655818939209,-3.5287833213806152,0.5322251319885254,-0.2819528222084045,0.4365741467834381,-0.2336385250091552,-1.0184305667877198,0.4944802284240722,0.0196078431372549,"10,30,11,22,24,28,36,32,29,19,1,7",True,logit_or_raw
8,O=C1COc2ccc(CNC34CCC(CC5(O)Cn6c(=O)c(F)cc7ncc(F)c5c76)(CC3)OC4)nc2N1,5,NR-ER,0.05,2,-3.039862871170044,-3.075153112411499,0.035290241241455,-0.0218568897247314,0.0646761311933053,-0.0036170482635498,-0.2272242844104766,0.0394944250583648,0.0784313725490196,"10,30",True,logit_or_raw
8,O=C1COc2ccc(CNC34CCC(CC5(O)Cn6c(=O)c(F)cc7ncc(F)c5c76)(CC3)OC4)nc2N1,5,NR-ER,0.1,4,-3.039862871170044,-3.063342332839966,0.0234794616699218,-0.0268488931655883,0.0705301445513358,-0.0045865774154663,-0.2178367912769317,0.0477976500988006,0.2352941176470588,"10,30,36,24",True,logit_or_raw
8,O=C1COc2ccc(CNC34CCC(CC5(O)Cn6c(=O)c(F)cc7ncc(F)c5c76)(CC3)OC4)nc2N1,5,NR-ER,0.2,8,-3.039862871170044,-3.0104665756225586,-0.0293962955474853,-0.075034966468811,0.096828046420122,-0.0455121994018554,-0.277823656797409,0.0520330846309661,0.392156862745098,"10,30,36,24,29,9,4,22",True,logit_or_raw
8,O=C1COc2ccc(CNC34CCC(CC5(O)Cn6c(=O)c(F)cc7ncc(F)c5c76)(CC3)OC4)nc2N1,5,NR-ER,0.3,12,-3.039862871170044,-3.017639398574829,-0.0222234725952148,-0.0831700944900512,0.1011673240113219,-0.0762012004852294,-0.2664969086647034,0.0426929056644439,0.3725490196078431,"10,30,36,24,29,9,4,22,28,26,1,19",True,logit_or_raw
8,O=C1COc2ccc(CNC34CCC(CC5(O)Cn6c(=O)c(F)cc7ncc(F)c5c76)(CC3)OC4)nc2N1,6,NR-ER-LBD,0.05,2,-4.313232421875,-4.784266948699951,0.4710345268249511,-0.0418012809753418,0.1988832763139665,0.003814697265625,-0.5620702266693115,0.2529027700424193,0.0196078431372549,"10,30",True,logit_or_raw
8,O=C1COc2ccc(CNC34CCC(CC5(O)Cn6c(=O)c(F)cc7ncc(F)c5c76)(CC3)OC4)nc2N1,6,NR-ER-LBD,0.1,4,-4.313232421875,-4.806933879852295,0.4937014579772949,-0.000347933769226,0.2504647910620887,-0.024076223373413,-0.5175781905651092,0.467740774154663,0.0392156862745098,"10,30,11,32",True,logit_or_raw
8,O=C1COc2ccc(CNC34CCC(CC5(O)Cn6c(=O)c(F)cc7ncc(F)c5c76)(CC3)OC4)nc2N1,6,NR-ER-LBD,0.2,8,-4.313232421875,-5.007601261138916,0.694368839263916,0.0398494338989257,0.4018776268938546,0.0978591442108154,-0.6396297633647918,0.618506360054016,0.0196078431372549,"10,30,11,32,22,28,36,24",True,logit_or_raw
8,O=C1COc2ccc(CNC34CCC(CC5(O)Cn6c(=O)c(F)cc7ncc(F)c5c76)(CC3)OC4)nc2N1,6,NR-ER-LBD,0.3,12,-4.313232421875,-5.092522144317627,0.779289722442627,-0.1376351737976074,0.3948861897705331,-0.1291191577911377,-0.6787783145904541,0.5433977365493773,0.0196078431372549,"10,30,11,32,22,28,36,24,29,1,19,7",True,logit_or_raw
8,O=C1COc2ccc(CNC34CCC(CC5(O)Cn6c(=O)c(F)cc7ncc(F)c5c76)(CC3)OC4)nc2N1,7,SR-ARE,0.05,2,1.2458651065826416,1.068773627281189,0.1770914793014526,0.0361439025402069,0.0933641038117368,0.0369526743888855,-0.1071178704500198,0.2524461731314658,0.1176470588235294,"10,11",True,logit_or_raw
8,O=C1COc2ccc(CNC34CCC(CC5(O)Cn6c(=O)c(F)cc7ncc(F)c5c76)(CC3)OC4)nc2N1,7,SR-ARE,0.1,4,1.2458651065826416,0.949723780155182,0.2961413264274597,0.0002912700176239,0.1332142155490002,-0.0058799982070922,-0.2263867825269699,0.2407172977924347,0.0196078431372549,"10,11,30,32",True,logit_or_raw
8,O=C1COc2ccc(CNC34CCC(CC5(O)Cn6c(=O)c(F)cc7ncc(F)c5c76)(CC3)OC4)nc2N1,7,SR-ARE,0.2,8,1.2458651065826416,0.8213329315185547,0.4245321750640869,0.0225043952465057,0.1587444524728626,0.0066421627998352,-0.2008555859327316,0.3192706659436226,0.0196078431372549,"10,11,30,32,22,28,36,24",True,logit_or_raw
8,O=C1COc2ccc(CNC34CCC(CC5(O)Cn6c(=O)c(F)cc7ncc(F)c5c76)(CC3)OC4)nc2N1,7,SR-ARE,0.3,12,1.2458651065826416,0.766308069229126,0.4795570373535156,-0.0218406641483306,0.1763484550970337,-0.050146996974945,-0.312148568034172,0.3481079429388046,0.0196078431372549,"10,11,30,32,22,28,36,24,29,19,1,7",True,logit_or_raw
8,O=C1COc2ccc(CNC34CCC(CC5(O)Cn6c(=O)c(F)cc7ncc(F)c5c76)(CC3)OC4)nc2N1,8,SR-HSE,0.05,2,-4.651193618774414,-5.071450233459473,0.4202566146850586,-0.008972430229187,0.2615355437634731,0.0116951465606689,-0.4193167328834534,0.2685480117797851,0.0196078431372549,"10,30",True,logit_or_raw
8,O=C1COc2ccc(CNC34CCC(CC5(O)Cn6c(=O)c(F)cc7ncc(F)c5c76)(CC3)OC4)nc2N1,8,SR-HSE,0.1,4,-4.651193618774414,-5.222681522369385,0.5714879035949707,-0.1512165355682373,0.533632009074726,-0.0105032920837402,-1.8124129712581636,0.2863279461860656,0.0196078431372549,"10,30,24,36",True,logit_or_raw
8,O=C1COc2ccc(CNC34CCC(CC5(O)Cn6c(=O)c(F)cc7ncc(F)c5c76)(CC3)OC4)nc2N1,8,SR-HSE,0.2,8,-4.651193618774414,-5.265752792358398,0.6145591735839844,-0.2202330923080444,0.6426279275792464,0.0341360569000244,-1.937368792295456,0.3510434150695801,0.0196078431372549,"10,30,24,36,22,28,29,1",True,logit_or_raw
8,O=C1COc2ccc(CNC34CCC(CC5(O)Cn6c(=O)c(F)cc7ncc(F)c5c76)(CC3)OC4)nc2N1,8,SR-HSE,0.3,12,-4.651193618774414,-5.297191143035889,0.6459975242614746,-0.7288615703582764,1.0300899865175466,-0.1972317695617675,-2.448251312971115,0.4811062455177307,0.0196078431372549,"10,30,24,36,22,28,29,1,4,11,7,19",True,logit_or_raw
8,O=C1COc2ccc(CNC34CCC(CC5(O)Cn6c(=O)c(F)cc7ncc(F)c5c76)(CC3)OC4)nc2N1,9,SR-MMP,0.05,2,-0.5927536487579346,-1.2637931108474731,0.6710394620895386,0.0983341011591255,0.3313590823567566,0.0773286819458007,-0.5330135392025113,0.7660057693719862,0.0588235294117647,"10,11",True,logit_or_raw
8,O=C1COc2ccc(CNC34CCC(CC5(O)Cn6c(=O)c(F)cc7ncc(F)c5c76)(CC3)OC4)nc2N1,9,SR-MMP,0.1,4,-0.5927536487579346,-1.4974236488342283,0.904670000076294,0.0791481233201921,0.4522231571341566,0.1475580930709839,-0.7422550540417433,0.8300662130117417,0.0392156862745098,"10,11,32,28",True,logit_or_raw
8,O=C1COc2ccc(CNC34CCC(CC5(O)Cn6c(=O)c(F)cc7ncc(F)c5c76)(CC3)OC4)nc2N1,9,SR-MMP,0.2,8,-0.5927536487579346,-2.381567001342773,1.7888133525848389,-0.0752140899188816,0.5295940802957907,-0.1747221797704696,-0.8645167198032141,0.91898592710495,0.0196078431372549,"10,11,32,28,22,34,30,19",True,logit_or_raw
8,O=C1COc2ccc(CNC34CCC(CC5(O)Cn6c(=O)c(F)cc7ncc(F)c5c76)(CC3)OC4)nc2N1,9,SR-MMP,0.3,12,-0.5927536487579346,-3.649517059326172,3.0567634105682373,0.0399703877419233,0.6734013703132847,-0.1176844984292984,-0.9121726766228676,1.483078476786613,0.0196078431372549,"10,11,32,28,22,34,30,19,26,14,1,7",True,logit_or_raw
8,O=C1COc2ccc(CNC34CCC(CC5(O)Cn6c(=O)c(F)cc7ncc(F)c5c76)(CC3)OC4)nc2N1,10,SR-p53,0.05,2,-2.756462812423706,-3.6392297744750977,0.8827669620513916,0.0351002690196037,0.5625342659054958,0.1066768169403076,-0.8027368396520614,0.7851244091987609,0.0392156862745098,"30,10",True,logit_or_raw
8,O=C1COc2ccc(CNC34CCC(CC5(O)Cn6c(=O)c(F)cc7ncc(F)c5c76)(CC3)OC4)nc2N1,10,SR-p53,0.1,4,-2.756462812423706,-3.817713737487793,1.061250925064087,-0.2038970815949142,0.988191673047752,0.1221092939376831,-2.688316008262336,0.8165871143341064,0.0196078431372549,"30,10,24,36",True,logit_or_raw
8,O=C1COc2ccc(CNC34CCC(CC5(O)Cn6c(=O)c(F)cc7ncc(F)c5c76)(CC3)OC4)nc2N1,10,SR-p53,0.2,8,-2.756462812423706,-3.7500505447387695,0.9935877323150636,-0.0610179714113473,1.0425245852200704,0.1277269124984741,-2.8405950446613133,1.084521949291229,0.0588235294117647,"30,10,24,36,29,22,28,4",True,logit_or_raw
8,O=C1COc2ccc(CNC34CCC(CC5(O)Cn6c(=O)c(F)cc7ncc(F)c5c76)(CC3)OC4)nc2N1,10,SR-p53,0.3,12,-2.756462812423706,-3.800806999206543,1.044344186782837,-0.765101180728525,1.470053344398046,-0.1715531349182129,-2.953918231651187,0.9518200874328612,0.0392156862745098,"30,10,24,36,29,22,28,4,1,7,19,35",True,logit_or_raw
